{
  "summary" : "SYSC2004 (WN2021) - Lab 0",
  "title" : "Lab 0 - Introduction to IntelliJ",
  "authors" : [
    "MK"
  ],
  "programming_language" : "JAVA",
  "language" : "en",
  "course_type" : "PyCharm",
  "items" : [
    {
      "title" : "1.0 Overview",
      "task_list" : [
        {
          "choiceOptions" : [
            {
              "text" : "IntelliJ IDEA",
              "status" : "CORRECT"
            },
            {
              "text" : "The Interweb",
              "status" : "INCORRECT"
            },
            {
              "text" : "Java",
              "status" : "INCORRECT"
            },
            {
              "text" : "Google",
              "status" : "INCORRECT"
            }
          ],
          "isMultipleChoice" : false,
          "name" : "1.1",
          "files" : {
            "src/Main.java" : {
              "name" : "src/Main.java",
              "placeholders" : [ ],
              "is_visible" : true,
              "text" : "public class Main {\n   public static void main(String[] args) {\n      // Write your solution here\n   }\n}"
            }
          },
          "description_text" : "<html>\n<head>\n    <style type =\"text/css\">\n       .footer{\n           position: fixed;\n           text-align: left;\n           line-height: 1.5;\n           bottom: 0px;\n           left: 5px;\n           width: 100%;\n       }\n        </style>\n    <style type =\"text/css\">\n       .body {\n           padding-bottom: 200px;\n       }\n    </style>\n</head>\n<body>\n<div class=\"body\">\n    <h1>Lab 0 - Introduction to IntelliJ</h1>\n    <p>Authors: <strong>Martin Klamrowski</strong>, <strong>Cristina Ruiz Martin</strong></p>\n    <!--    <p>Relevant textbook reading - <strong>Chapter 7</strong> (The Object Oriented Thought Process)</p>-->\n    <h3>~1.0 Overview~</h3>\n    <p>\n        You should use this lab to familiarize yourself with the IntelliJ EduTools environment. It is the environment in\n        which labs will be delivered. EduTools allows for feedback and help with your solution. A walkthrough of this\n        lab is posted on CuLearn.\n    </p>\n    <h3>~Task 1.1~</h3>\n    <p>\n        Labs will be structured into multiple \"Tasks\". The format of tasks can vary. For example, this task requires\n        you to answer a multiple choice question. You should validate your answer by clicking the 'Check' button.\n    </p>\n    <p>\n        Answer the MC question below to continue!\n    </p>\n</div>\n\n</body>\n<div class=\"footer\">\n    <p>\n        <strong>Question:</strong> What IDE are we using right now?\n    </p>\n</div>\n\n</html>",
          "description_format" : "HTML",
          "feedback_link" : {
            "link_type" : "STEPIK"
          },
          "task_type" : "choice"
        },
        {
          "name" : "1.2",
          "files" : {
            "src/Main.java" : {
              "name" : "src/Main.java",
              "placeholders" : [ ],
              "is_visible" : true,
              "text" : "public class Main {\n   public static void main(String[] args) {\n      // Write your solution here\n   }\n}"
            },
            "test/output.txt" : {
              "name" : "test/output.txt",
              "placeholders" : [ ],
              "is_visible" : false,
              "text" : "OOP!\n"
            }
          },
          "description_text" : "<html>\n<head>\n    <style type =\"text/css\">\n       .footer{\n           position: fixed;\n           text-align: left;\n           line-height: 1.5;\n           bottom: 0px;\n           left: 5px;\n           width: 100%;\n       }\n        </style>\n    <style type =\"text/css\">\n       .body {\n           padding-bottom: 200px;\n       }\n    </style>\n</head>\n<body>\n<div class=\"body\">\n    <h1>Lab 0 - Introduction to IntelliJ</h1>\n    <p>Authors: <strong>Martin Klamrowski</strong>, <strong>Cristina Ruiz Martin</strong></p>\n    <!--    <p>Relevant textbook reading - <strong>Chapter 7</strong> (The Object Oriented Thought Process)</p>-->\n    <h3>~1.0 Overview~</h3>\n    <p>\n        You should use this lab to familiarize yourself with the IntelliJ EduTools environment. It is the environment in\n        which labs will be delivered. EduTools allows for feedback and help with your solution. A walkthrough of this\n        lab is posted on CuLearn.\n    </p>\n    <h3>~Task 1.2~</h3>\n    <p>\n        Other tasks will require you to validate your code against the correct output.\n    </p>\n    <p>\n        In this task, you are being asked to print out \"OOP!\". You should edit the required files by adding your code\n        in.\n    </p>\n    <p>\n        Every task has its own isolated <code>src</code> folder. Although it is not visible to you within EduTools, it\n        is there. You can add and remove files from this folder by right clicking the task and selecting a new Java\n        class (1.2>New>Java Class).\n    </p>\n    <p>\n        <code>Main.java</code> is the point from which our code is run, because it contains the <code>main()</code>\n        method. This is all you need to understand for now, but there will be more to come soon.\n    </p>\n    <div class=\"hint\">\n        You can click on 'Check' and then on 'Compare Outputs' to bring up a window that you can use to debug your\n        code.\n    </div>\n</div>\n\n</body>\n<div class=\"footer\">\n    <p>\n        <strong>Run it!</strong>\n    </p>\n</div>\n\n</html>",
          "description_format" : "HTML",
          "feedback_link" : {
            "link_type" : "STEPIK"
          },
          "task_type" : "output"
        }
      ],
      "type" : "lesson"
    },
    {
      "title" : "2.0 Lab Problem",
      "task_list" : [
        {
          "name" : "2.1",
          "files" : {
            "src/IgnoreThisFile.java" : {
              "name" : "src/IgnoreThisFile.java",
              "placeholders" : [ ],
              "is_visible" : true,
              "text" : "public class IgnoreThisFile {\n}\n"
            }
          },
          "description_text" : "<html>\n<head>\n    <style type =\"text/css\">\n       .footer{\n           position: fixed;\n           text-align: left;\n           bottom: 0px;\n           left: 5px;\n           width: 100%;\n       }\n    </style>\n    <style type =\"text/css\">\n       .body {\n           padding-bottom: 50px;\n       }\n    </style>\n</head>\n<body>\n<div class=\"body\">\n    <h1>Lab 0 - Introduction to IntelliJ</h1>\n    <p>Authors: <strong>Martin Klamrowski</strong>, <strong>Cristina Ruiz Martin</strong></p>\n<!--    <p>Relevant textbook reading - <strong>Chapter 7</strong> (The Object Oriented Thought Process)</p>-->\n    <h3>~2.0 Lab Problem~</h3>\n    <p>\n        You must submit your solution to this problem on CuLearn.\n        <strong>\n            YOU MUST INCLUDE YOUR FULL NAME AND STUDENT NUMBER IN COMMENTS AT THE\n            HEAD OF EVERY FILE YOU SUBMIT\n        </strong>.\n    </p>\n    <p>\n        If you choose to complete the problem in this environment, the files can be\n        retrieved by right-clicking '2.0 Lab Problem'>Show in Files/Explorer.\n    </p>\n    <h3>~Problem 2.1~</h3>\n    <p>\n        Submit <strong>Problem.java</strong> when you are done.\n    </p>\n    <p>\n        Every lab will be closed off with a final problem designed to test your understanding of the material. You will\n        be required to submit your file(s) on CuLearn.\n    </p>\n    <p>\n        <strong>\n            Make sure to follow these guidelines for every submission:\n        </strong>\n    </p>\n    <ul>\n        <li>\n            <strong>The files must be in the specified format(s) with the specified name(s).</strong>\n        </li>\n        <li>\n            <strong>Every file must include your name and student number at the top.</strong>\n        </li>\n        <li>\n            <strong>Code must compile and run.</strong>\n        </li>\n    </ul>\n    <p>\n        For this lab problem, you are going to combine everything we have covered so far to create your very first\n        Java program (in this course). Feel free to do this problem and future ones outside of EduTools, or even\n        IntelliJ. All that is needed at the end is(are) your file(s) with complete solutions.\n    </p>\n    <ol>\n        <li>\n            Create a file called <code>Problem.java</code> under this task (right click on '2.1'>New>Java Class).\n        </li>\n        <li>\n            Add the <code>main()</code> method. Remember this is the starting point of our program, and for our\n            purposes, it always looks the same!\n            <div class=\"hint\">\n                Inside of <code>Problem.java</code>, you can type 'main' and hit the Tab key for a neat shortcut.\n            </div>\n        </li>\n        <li>\n            Print out your name and student number!\n        </li>\n    </ol>\n    <p>\n        That is it! Now just submit your course files on CuLearn. <strong>Remember your name and\n        student number in comments at the top of every file!</strong>\n    </p>\n    <div class=\"hint\">\n        If you are struggling, refer back to the video on CuLearn that provides a walkthrough of this lab.\n    </div>\n</div>\n</body>\n<!--<div class=\"footer\">-->\n<!--    &lt;!&ndash;<strong>You can run your code here.</strong>&ndash;&gt;-->\n<!--</div>-->\n\n</html>",
          "description_format" : "HTML",
          "feedback_link" : {
            "link_type" : "STEPIK"
          },
          "task_type" : "theory"
        }
      ],
      "type" : "lesson"
    }
  ],
  "additional_files" : [
    {
      "name" : "build.gradle",
      "placeholders" : [ ],
      "is_visible" : true,
      "text" : "buildscript {\n    repositories {\n        mavenCentral()\n    }\n}\n\ndef printOutput(def output) {\n    return tasks.create(\"printOutput\") {\n        for (line in output.toString().readLines()) {\n            println \"#educational_plugin\" + line\n        }\n    }\n}\n\nsubprojects {\n    apply plugin: 'application'\n    apply plugin: 'java'\n\n    sourceCompatibility = 1.8\n\n    repositories {\n        mavenCentral()\n    }\n\n    dependencies {\n        testCompile group: 'junit', name: 'junit', version: '4.12'\n    }\n\n    sourceSets {\n        main {\n            java.srcDir 'src'\n        }\n        test {\n            java.srcDir 'test'\n        }\n    }\n\n    mainClassName = project.hasProperty(\"mainClass\") ? project.getProperty(\"mainClass\") : \"\"\n\n    def runOutput = new ByteArrayOutputStream()\n    tasks.run.setStandardOutput(runOutput)\n    tasks.run.doLast { printOutput(runOutput) }\n}\n\nproject(':util') {\n    dependencies {\n        compile group: 'junit', name: 'junit', version: '4.12'\n    }\n}\n\nconfigure(subprojects.findAll {it.name != 'util'}) {\n  dependencies {\n    compile project(':util').sourceSets.main.output\n    testCompile project(':util').sourceSets.test.output\n  }\n}\n"
    }
  ],
  "version" : 11
}