{
  "summary" : "SYSC2004 (WN2021) - Lab 3",
  "title" : "Lab 3 - Grouping Objects",
  "authors" : [
    "MK"
  ],
  "programming_language" : "JAVA",
  "language" : "en",
  "course_type" : "PyCharm",
  "items" : [
    {
      "title" : "1.0 Loops",
      "task_list" : [
        {
          "name" : "1.1",
          "files" : {
            "src/Main.java" : {
              "name" : "src/Main.java",
              "placeholders" : [ ],
              "is_visible" : true,
              "text" : "public class Main {\n   public static void main(String[] args) {\n\n      String[] stringArray = {\"good\", \"day\", \"to\", \"you\"};\n\n      // fix the loop\n      for (String s : stringArray) {\n\n      }\n   }\n}"
            },
            "test/output.txt" : {
              "name" : "test/output.txt",
              "placeholders" : [ ],
              "is_visible" : false,
              "text" : "gooddaytoyou\n"
            }
          },
          "description_text" : "<html>\n<head>\n    <style type =\"text/css\">\n       .footer{\n           position: fixed;\n           text-align: left;\n           line-height: 1.5;\n           bottom: 0px;\n           left: 5px;\n           width: 100%;\n       }\n        </style>\n    <style type =\"text/css\">\n       .body {\n           padding-bottom: 50px;\n       }\n    </style>\n</head>\n<body>\n<div class=\"body\">\n    <h1>Lab 3 - Grouping Objects</h1>\n    <p>Authors: <strong>Martin Klamrowski</strong>, <strong>Cristina Ruiz Martin</strong></p>\n    <p>Relevant textbook reading - <strong>Chapters 6, 7</strong> (Think Java)</p>\n    <h3>~1.0 Loops~</h3>\n    <p>\n        This section will dive into loop structures and look at some ways they can be used.\n    </p>\n    <h3>~Task 1.1~</h3>\n    <p>\n        Check out <code>Main.java</code>. In the file you will see a basic loop structure, which is called a \"for-each\"\n        loop. It is\n        called a \"for-each\" loop because <code>for (String s : stringArray)</code> means \"for each s in stringArray\".\n        On each loop iteration, an element from <code>stringArray</code> will be referenced in <code>s</code>. We can\n        use <code>s</code> inside the loop for different purposes.\n    </p>\n    <p>\n        There are many styles of loops in Java, each of them with advantages and drawbacks. This is why we need to learn\n        them all; we will use different loops for different use cases. For\n        example, the for-each loop does not keep track of the position of the element in the data structure, in this\n        case an array of Strings. This might make it inconvenient to use for modifying the array. However, it is useful\n        for traversing the array so that we can look at each element.\n    </p>\n    <p>\n        Fix the loop so that the greeting is printed on <strong>one</strong> line (no spaces needed).\n    </p>\n</div>\n\n</body>\n<div class=\"footer\">\n    <p>\n        <strong>Check your answer.</strong>\n    </p>\n</div>\n\n</html>",
          "description_format" : "HTML",
          "feedback_link" : {
            "link_type" : "STEPIK"
          },
          "task_type" : "output"
        },
        {
          "name" : "1.2",
          "files" : {
            "src/Main.java" : {
              "name" : "src/Main.java",
              "placeholders" : [ ],
              "is_visible" : true,
              "text" : "import java.util.Arrays;         // something useful (don't worry too much about it)\nimport java.util.Iterator;       // we have to import Iterator\nimport java.util.ArrayList;      // and ArrayList!\n\npublic class Main {\n   public static void main(String[] args) {\n\n      // creating new ArrayList and initializing it with some elements\n      ArrayList<String> stringList = new ArrayList<>(Arrays.asList(\"good\", \"day\", \"to\", \"you\"));\n\n      // fix the loop\n      for (Iterator<String> it = stringList.iterator(); it.hasNext();) {\n\n      }\n   }\n}"
            },
            "test/output.txt" : {
              "name" : "test/output.txt",
              "placeholders" : [ ],
              "is_visible" : false,
              "text" : "gooddaytoyou\n"
            }
          },
          "description_text" : "<html>\n<head>\n    <style type =\"text/css\">\n       .footer{\n           position: fixed;\n           text-align: left;\n           line-height: 1.5;\n           bottom: 0px;\n           left: 5px;\n           width: 100%;\n       }\n        </style>\n    <style type =\"text/css\">\n       .body {\n           padding-bottom: 50px;\n       }\n    </style>\n</head>\n<body>\n<div class=\"body\">\n    <h1>Lab 3 - Grouping Objects</h1>\n    <p>Authors: <strong>Martin Klamrowski</strong>, <strong>Cristina Ruiz Martin</strong></p>\n    <p>Relevant textbook reading - <strong>Chapters 6, 7</strong> (Think Java)</p>\n    <h3>~1.0 Loops~</h3>\n    <p>\n        This section will dive into loop structures and look at some ways they can be used.\n    </p>\n    <h3>~Task 1.2~</h3>\n    <p>\n        Java has other ways by which you can iterate over a \"group\" of objects. One of them is using an Iterator.\n        Iterators are a special way to traverse a Java Collection. Information on Iterators and Collections\n        can be found here:\n        <a href=\"https://docs.oracle.com/javase/8/docs/api/java/util/Iterator.html\">Oracle Docs: Iterator</a>/\n        <a href=\"https://docs.oracle.com/javase/7/docs/api/java/util/Collections.html\">Oracle Docs: Collections</a>\n    </p>\n    <p>\n        In <code>Main.java</code> we have an example use-case of Iterator. The structure of a loop with an Iterator has\n        the following elements:\n    </p>\n    <ul>\n        <li>\n            A new Iterator that will reference the elements in the collection. It begins at the first element of the\n            collection. In our example: <code>Iterator&lt;String&gt; it = stringList.iterator()</code>.\n        </li>\n        <li>\n            A looping condition. In our example: <code>it.hasNext()</code>, which is <code>true</code> if there is an\n            element after the one currently being referenced by the Iterator, and <code>false</code> otherwise.\n        </li>\n        <li>\n            A statement to move the Iterator along in the collection. In our example: <code>it.next()</code> will move\n            the Iterator to the next element in the collection.\n        </li>\n    </ul>\n    <p>\n        As in 1.1, fix the loop in <code>Main.java</code> so that the greeting is printed on <strong>one</strong> line\n        (no spaces needed).\n    </p>\n    <p>\n        <i>\n            Note: we used an ArrayList instead of an array this time. It is important to note that arrays are different\n            from collections. In Java, Collections is the framework for implementing a variety of different data\n            structures such as ArrayLists, LinkedLists, Queues, etc. Iterators only work with collections. More on this\n            can be found here:\n        </i>\n        <a href=\"https://docs.oracle.com/javase/8/docs/technotes/guides/collections/overview.html\">\n            Oracle Docs: Collections\n        </a>\n        <i>\n            , and in the next section.\n        </i>\n    </p>\n</div>\n\n</body>\n<div class=\"footer\">\n    <p>\n        <strong>Check your answer.</strong>\n    </p>\n</div>\n\n</html>",
          "description_format" : "HTML",
          "feedback_link" : {
            "link_type" : "STEPIK"
          },
          "task_type" : "output"
        },
        {
          "choiceOptions" : [
            {
              "text" : "<code>for (int i = 0, n = list.size(); i < n; i++) {...}</code>",
              "status" : "INCORRECT"
            },
            {
              "text" : "<code>for (Integer i : list) {...}</code>",
              "status" : "INCORRECT"
            },
            {
              "text" : "<code>for (Iterator<Integer> it = list.iterator(); it.hasNext(); it.next()) {...}</code>",
              "status" : "INCORRECT"
            },
            {
              "text" : "<code>int i = 0; do {...} while(i < list.size());</code>",
              "status" : "INCORRECT"
            },
            {
              "text" : "They all look valid to me.",
              "status" : "CORRECT"
            }
          ],
          "isMultipleChoice" : false,
          "name" : "1.3",
          "files" : {
            "src/Main.java" : {
              "name" : "src/Main.java",
              "placeholders" : [ ],
              "is_visible" : true,
              "text" : "public class Main {\n   public static void main(String[] args) {\n      // test your loops out here\n   }\n}"
            }
          },
          "description_text" : "<html>\n<head>\n    <style type =\"text/css\">\n       .footer{\n           position: fixed;\n           text-align: left;\n           line-height: 1.5;\n           bottom: 0px;\n           left: 5px;\n           width: 100%;\n       }\n        </style>\n    <style type =\"text/css\">\n       .body {\n           padding-bottom: 50px;\n       }\n    </style>\n</head>\n<body>\n<div class=\"body\">\n    <h1>Lab 3 - Grouping Objects</h1>\n    <p>Authors: <strong>Martin Klamrowski</strong>, <strong>Cristina Ruiz Martin</strong></p>\n    <p>Relevant textbook reading - <strong>Chapters 6, 7</strong> (Think Java)</p>\n    <h3>~1.0 Loops~</h3>\n    <p>\n        This section will dive into loop structures and look at some ways they can be used.\n    </p>\n    <h3>~Task 1.3~</h3>\n    <p>\n        Answer the MC question below.\n    </p>\n</div>\n\n</body>\n<div class=\"footer\">\n    <p>\n        <strong>Question:</strong> Which of the following is not a valid loop style?\n    </p>\n</div>\n\n</html>",
          "description_format" : "HTML",
          "feedback_link" : {
            "link_type" : "STEPIK"
          },
          "task_type" : "choice"
        }
      ],
      "type" : "lesson"
    },
    {
      "title" : "2.0 Collections",
      "task_list" : [
        {
          "choiceOptions" : [
            {
              "text" : "An int[] array.",
              "status" : "INCORRECT"
            },
            {
              "text" : "An int[][] array.",
              "status" : "CORRECT"
            },
            {
              "text" : "A 2D ArrayList.",
              "status" : "INCORRECT"
            },
            {
              "text" : "A 2D LinkedList.",
              "status" : "INCORRECT"
            }
          ],
          "isMultipleChoice" : false,
          "name" : "2.1",
          "files" : {
            "src/Main.java" : {
              "name" : "src/Main.java",
              "placeholders" : [ ],
              "is_visible" : true,
              "text" : "public class Main {\n   public static void main(String[] args) {\n      // nothing here\n   }\n}"
            }
          },
          "description_text" : "<html>\n<head>\n    <style type =\"text/css\">\n       .footer{\n           position: fixed;\n           text-align: left;\n           line-height: 1.5;\n           bottom: 0px;\n           left: 5px;\n           width: 100%;\n       }\n        </style>\n    <style type =\"text/css\">\n       .body {\n           padding-bottom: 50px;\n       }\n    </style>\n</head>\n<body>\n<div class=\"body\">\n    <h1>Lab 3 - Grouping Objects</h1>\n    <p>Authors: <strong>Martin Klamrowski</strong>, <strong>Cristina Ruiz Martin</strong></p>\n    <p>Relevant textbook reading - <strong>Chapters 6, 7</strong> (Think Java)</p>\n    <h3>~2.0 Collections~</h3>\n    <p>\n        Up until now, we have only been using a handful of objects at a time. Even with a couple of objects, the code\n        is tedious to write and read. It is helpful to be able to group multiple objects into a single \"container\"\n        for easier handling. This section looks at a variety of ways in which we can do this in Java.\n    </p>\n    <h3>~Task 2.1~</h3>\n    <p>\n        In section 1.0, we already saw a couple of ways to group objects. The first one was an array, like this:\n        <code>String[] stringArray</code>. The second was an ArrayList, created like this:\n        <code>ArrayList&lt;String&gt; stringList</code>.\n        As mentioned previously, arrays and collections are different in Java. In\n        fact, the only commonality that they really have is that they are used to group objects, and some\n        collections, such as ArrayLists, use arrays internally.\n        Here are some key differences:\n    </p>\n    <ul>\n        <li>\n            Arrays:\n            <ul>\n                <li>\n                    Fixed in size! Once you create it, it cannot be enlarged or shrunk.\n                </li>\n                <li>\n                    Can hold objects (reference types) and primitive types (int, double, etc.).\n                </li>\n                <li>\n                    Slightly faster than collections.\n                </li>\n            </ul>\n        </li>\n        <li>\n            Collections:\n            <ul>\n                <li>\n                    Size is not fixed!\n                </li>\n                <li>\n                    Can only hold objects (reference types). A wrapper class must be used for primitive types. For\n                    example, Integer must\n                    be used instead of int if you want an ArrayList of integers.\n                </li>\n                <li>\n                    Slower than arrays.\n                </li>\n                <li>\n                    Generally preferred over arrays.\n                </li>\n            </ul>\n        </li>\n    </ul>\n    <p>\n        Answer the MC question below.\n    </p>\n</div>\n\n</body>\n<div class=\"footer\">\n    <p>\n        <strong>Question:</strong> What would be the preferred way to store the positions of pieces on a\n        checkers board?\n    </p>\n</div>\n\n</html>",
          "description_format" : "HTML",
          "feedback_link" : {
            "link_type" : "STEPIK"
          },
          "task_type" : "choice"
        },
        {
          "choiceOptions" : [
            {
              "text" : "A String[] array.",
              "status" : "INCORRECT"
            },
            {
              "text" : "A String[][] array.",
              "status" : "INCORRECT"
            },
            {
              "text" : "An ArrayList&lt;String&gt;.",
              "status" : "CORRECT"
            },
            {
              "text" : "A HashMap&lt;String&gt;.",
              "status" : "INCORRECT"
            }
          ],
          "isMultipleChoice" : false,
          "name" : "2.2",
          "files" : {
            "src/Main.java" : {
              "name" : "src/Main.java",
              "placeholders" : [ ],
              "is_visible" : true,
              "text" : "public class Main {\n   public static void main(String[] args) {\n      // nothing here\n   }\n}"
            }
          },
          "description_text" : "<html>\n<head>\n    <style type =\"text/css\">\n       .footer{\n           position: fixed;\n           text-align: left;\n           line-height: 1.5;\n           bottom: 0px;\n           left: 5px;\n           width: 100%;\n       }\n        </style>\n    <style type =\"text/css\">\n       .body {\n           padding-bottom: 50px;\n       }\n    </style>\n</head>\n<body>\n<div class=\"body\">\n    <h1>Lab 3 - Grouping Objects</h1>\n    <p>Authors: <strong>Martin Klamrowski</strong>, <strong>Cristina Ruiz Martin</strong></p>\n    <p>Relevant textbook reading - <strong>Chapters 6, 7</strong> (Think Java)</p>\n    <h3>~2.0 Collections~</h3>\n    <p>\n        Up until now, we have only been using a handful of objects at a time. Even with a couple of objects, the code\n        is tedious to write and read. It is helpful to be able to group multiple objects into a single \"container\"\n        for easier handling. This section looks at a variety of ways in which we can do this in Java.\n    </p>\n    <h3>~Task 2.2~</h3>\n    <p>\n        Answer the MC question below.\n    </p>\n</div>\n\n</body>\n<div class=\"footer\">\n    <p>\n        <strong>Question:</strong> What would be the preferred way to store the chronological history of all\n        the moves made in the checkers game?\n    </p>\n</div>\n\n</html>",
          "description_format" : "HTML",
          "feedback_link" : {
            "link_type" : "STEPIK"
          },
          "task_type" : "choice"
        },
        {
          "name" : "2.3",
          "files" : {
            "src/Main.java" : {
              "name" : "src/Main.java",
              "placeholders" : [
                {
                  "offset" : 105,
                  "length" : 0,
                  "possible_answer" : "int[][] a = {\n              {0, 1, 0, 1, 0, 1, 0, 1},\n              {1, 0, 1, 0, 1, 0, 1, 0},\n              {0, 1, 0, 1, 0, 1, 0, 1},\n              {0, 0, 0, 0, 0, 0, 0, 0},\n              {0, 0, 0, 0, 0, 0, 0, 0},\n              {1, 0, 1, 0, 1, 0, 1, 0},\n              {0, 1, 0, 1, 0, 1, 0, 1},\n              {1, 0, 1, 0, 1, 0, 1, 0}\n      };\n      System.out.print(\"~~~~~~~~~~~~~~~~~~~\\n\");\n      for (int[] ai : a) {\n         System.out.print(\"| \");\n         for (int i : ai) {\n            System.out.print(i + \" \");\n         }\n         System.out.print(\"|\\n\");\n      }\n      System.out.print(\"~~~~~~~~~~~~~~~~~~~\\n\");",
                  "placeholder_text" : ""
                }
              ],
              "is_visible" : true,
              "text" : "public class Main {\n   public static void main(String[] args) {\n\n      // write your solution here\n      \n   }\n}"
            },
            "test/output.txt" : {
              "name" : "test/output.txt",
              "placeholders" : [ ],
              "is_visible" : false,
              "text" : "~~~~~~~~~~~~~~~~~~~\n| 0 1 0 1 0 1 0 1 |\n| 1 0 1 0 1 0 1 0 |\n| 0 1 0 1 0 1 0 1 |\n| 0 0 0 0 0 0 0 0 |\n| 0 0 0 0 0 0 0 0 |\n| 1 0 1 0 1 0 1 0 |\n| 0 1 0 1 0 1 0 1 |\n| 1 0 1 0 1 0 1 0 |\n~~~~~~~~~~~~~~~~~~~\n"
            }
          },
          "description_text" : "<html>\n<head>\n    <style type =\"text/css\">\n       .footer{\n           position: fixed;\n           text-align: left;\n           line-height: 1.5;\n           bottom: 0px;\n           left: 5px;\n           width: 100%;\n       }\n        </style>\n    <style type =\"text/css\">\n       .body {\n           padding-bottom: 50px;\n       }\n    </style>\n</head>\n<body>\n<div class=\"body\">\n    <h1>Lab 3 - Grouping Objects</h1>\n    <p>Authors: <strong>Martin Klamrowski</strong>, <strong>Cristina Ruiz Martin</strong></p>\n    <p>Relevant textbook reading - <strong>Chapters 6, 7</strong> (Think Java)</p>\n    <h3>~2.0 Collections~</h3>\n    <p>\n        Up until now, we have only been using a handful of objects at a time. Even with a couple of objects, the code\n        is tedious to write and read. It is helpful to be able to group multiple objects into a single \"container\"\n        for easier handling. This section looks at a variety of ways in which we can do this in Java.\n    </p>\n    <h3>~Task 2.3~</h3>\n    <p>\n        Using the answer from 2.1, make a checkers board and place all the pieces where they should be for the start\n        of the game. Let 1's denote a piece, and 0's denote an empty square. Print out the board\n        <strong>exactly</strong> as below.\n        <i>\n            Note the spaces between each number, and before and after each row.\n        </i>\n    </p>\n    <p>\n        <code>~~~~~~~~~~~~~~~~~~~</code><br>\n        <code>| 0 1 0 1 0 1 0 1 |</code><br>\n        <code>| 1 0 1 0 1 0 1 0 |</code><br>\n        <code>| 0 1 0 1 0 1 0 1 |</code><br>\n        <code>| 0 0 0 0 0 0 0 0 |</code><br>\n        <code>| 0 0 0 0 0 0 0 0 |</code><br>\n        <code>| 1 0 1 0 1 0 1 0 |</code><br>\n        <code>| 0 1 0 1 0 1 0 1 |</code><br>\n        <code>| 1 0 1 0 1 0 1 0 |</code><br>\n        <code>~~~~~~~~~~~~~~~~~~~</code><br>\n    </p>\n\n</div>\n\n</body>\n<div class=\"footer\">\n    <p>\n        <strong>Run it!</strong>\n    </p>\n</div>\n\n</html>",
          "description_format" : "HTML",
          "feedback_link" : {
            "link_type" : "STEPIK"
          },
          "task_type" : "output"
        },
        {
          "name" : "2.4",
          "files" : {
            "src/Main.java" : {
              "name" : "src/Main.java",
              "placeholders" : [ ],
              "is_visible" : true,
              "text" : "import java.util.ArrayList;\nimport java.util.Arrays;\n\npublic class Main {\n   public static void main(String[] args) {\n\n      // write your solution here\n      String[] stringArray = {\"sysc2004\", \"sysc3310\", \"sysc4906\", \"sysc2006\"};\n\n\n      // print here\n\n   }\n}"
            },
            "test/output.txt" : {
              "name" : "test/output.txt",
              "placeholders" : [ ],
              "is_visible" : false,
              "text" : "[sysc2004, sysc3310, sysc4906, sysc2006]\n"
            }
          },
          "description_text" : "<html>\n<head>\n    <style type =\"text/css\">\n       .footer{\n           position: fixed;\n           text-align: left;\n           line-height: 1.5;\n           bottom: 0px;\n           left: 5px;\n           width: 100%;\n       }\n        </style>\n    <style type =\"text/css\">\n       .body {\n           padding-bottom: 50px;\n       }\n    </style>\n</head>\n<body>\n<div class=\"body\">\n    <h1>Lab 3 - Grouping Objects</h1>\n    <p>Authors: <strong>Martin Klamrowski</strong>, <strong>Cristina Ruiz Martin</strong></p>\n    <p>Relevant textbook reading - <strong>Chapters 6, 7</strong> (Think Java)</p>\n    <h3>~2.0 Collections~</h3>\n    <p>\n        Up until now, we have only been using a handful of objects at a time. Even with a couple of objects, the code\n        is tedious to write and read. It is helpful to be able to group multiple objects into a single \"container\"\n        for easier handling. This section looks at a variety of ways in which we can do this in Java.\n    </p>\n    <h3>~Task 2.4~</h3>\n    <p>\n        On to collections. A very important type of collection is the ArrayList (\n        <a href=\"https://docs.oracle.com/javase/8/docs/api/java/util/ArrayList.html\">Oracle Docs: ArrayList</a>).\n        An ArrayList basically serves the purpose of a resizeable array. Unlike an array (<code>int[]</code>),\n        ArrayLists can grow as more objects are added. Individual elements can be accessed, removed, and added using\n        methods <code>get()</code>, <code>remove()</code>, <code>add()</code>.\n    </p>\n    <p>\n        In <code>Main.java</code>, there is a String array with some values in it. Generally speaking, we prefer\n        ArrayLists over arrays. Your task: make an ArrayList and fill it with all the elements of the String array\n        (<code>use ArrayList.add()</code>).\n        Print out the ArrayList by making a call to <code>ArrayList.toString()</code> at the end.\n    </p>\n\n\n</div>\n\n</body>\n<div class=\"footer\">\n    <p>\n        <strong>Run it!</strong>\n    </p>\n</div>\n\n</html>",
          "description_format" : "HTML",
          "feedback_link" : {
            "link_type" : "STEPIK"
          },
          "task_type" : "output"
        },
        {
          "name" : "2.5",
          "files" : {
            "test/Tests.java" : {
              "name" : "test/Tests.java",
              "placeholders" : [ ],
              "is_visible" : false,
              "text" : "import org.junit.Assert;\nimport org.junit.Test;\n\nimport java.util.ArrayList;\nimport java.util.Arrays;\n\npublic class Tests {\n  @Test\n  public void testSolution() {\n    String[] a1 = {\"a\", \"b\", \"c\", null, null};\n    String[] a2 = {\"a\", \"c\", \"c\", null, null};\n    String[] a3 = {\"a\", \"b\", \"c\"};\n    String[] a4 = {\"a\", null};\n    String[] a5 = {null, null};\n\n    ArrayList<String> l1 = new ArrayList<>(Arrays.asList(\"a\", \"b\", \"c\", null));\n    ArrayList<String> l2 = new ArrayList<>(Arrays.asList(\"a\", \"c\", null));\n    ArrayList<String> l3 = new ArrayList<>(Arrays.asList(\"a\"));\n    ArrayList<String> l4 = new ArrayList<>(Arrays.asList(\"a\", \"b\", \"c\", null));\n    ArrayList<String> l5 = new ArrayList<>(Arrays.asList(\"a\", \"b\", \"c\", null));\n    ArrayList<String> l6 = new ArrayList<>(Arrays.asList(\"a\", \"z\", \"c\"));\n\n\n    Assert.assertArrayEquals(Main.myUnion(a1, l1), new String[]{\"a\", \"b\", \"c\"});\n    Assert.assertArrayEquals(Main.myUnion(a2, l2), new String[]{\"a\", \"c\"});\n    Assert.assertArrayEquals(Main.myUnion(a3, l3), new String[]{\"a\"});\n    Assert.assertArrayEquals(Main.myUnion(a4, l4), new String[]{\"a\"});\n    Assert.assertArrayEquals(Main.myUnion(a5, l5), new String[]{});\n    Assert.assertArrayEquals(Main.myUnion(a3, l6), new String[]{\"a\"});\n  }\n}"
            },
            "src/Main.java" : {
              "name" : "src/Main.java",
              "placeholders" : [ ],
              "is_visible" : true,
              "text" : "import java.util.ArrayList;\n\npublic class Main {\n    public static String[] myUnion(String[] a, ArrayList<String> l) {\n        return newArray;\n    }\n\n    public static void main(String[] args) {\n        // write some tests here!\n\n    }\n}\n"
            }
          },
          "description_text" : "<html>\n<head>\n    <style type =\"text/css\">\n       .footer{\n           position: fixed;\n           text-align: left;\n           line-height: 1.5;\n           bottom: 0px;\n           left: 5px;\n           width: 100%;\n       }\n        </style>\n    <style type =\"text/css\">\n       .body {\n           padding-bottom: 50px;\n       }\n    </style>\n</head>\n<body>\n<div class=\"body\">\n    <h1>Lab 3 - Grouping Objects</h1>\n    <p>Authors: <strong>Martin Klamrowski</strong>, <strong>Cristina Ruiz Martin</strong></p>\n    <p>Relevant textbook reading - <strong>Chapters 6, 7</strong> (Think Java)</p>\n    <h3>~2.0 Collections~</h3>\n    <p>\n        Up until now, we have only been using a handful of objects at a time. Even with a couple of objects, the code\n        is tedious to write and read. It is helpful to be able to group multiple objects into a single \"container\"\n        for easier handling. This section looks at a variety of ways in which we can do this in Java.\n    </p>\n    <h3>~Task 2.5~</h3>\n    <p>\n        Complete the method called <code>myUnion()</code> in <code>Main.java</code>. The method should return a new\n        <code>String[]</code> array\n        containing the first n <strong>consecutive</strong> elements that are equal between the array and ArrayList,\n        <strong>not including</strong> nulls. Meaning, if the array and ArrayList are\n        <code>[\"a\", \"b\", \"c\", null]</code> and <code>{\"a\", \"b\", \"c\", null}</code> respectively, the method should\n        return <code>[\"a\", \"b\", \"c\"]</code>. Another example: if the array and ArrayList are\n        <code>[\"a\", \"b\", \"c\", null, null]</code> and <code>{\"a\", \"b\", \"d\", \"c\", null}</code> respectively, the method\n        should return <code>[\"a\", \"b\"]</code>. One final example: if the array and ArrayList are\n        <code>[\"a\", \"z\", \"c\"]</code> and <code>{\"a\", \"b\", \"c\"}</code> respectively, the method\n        should return <code>[\"a\"]</code>. An empty array should be returned if there is no overlap.\n    </p>\n    <p>\n        The returned array should be of size n. You can assume that both the\n        array and ArrayList are arranged with all of the null values at the end. Be careful of accessing an out-of-bounds\n        index or calling <code>String.equals()</code> on null values!\n    </p>\n\n\n</div>\n\n</body>\n<div class=\"footer\">\n    <p>\n        <strong>Run it!</strong>\n    </p>\n</div>\n\n</html>",
          "description_format" : "HTML",
          "feedback_link" : {
            "link_type" : "STEPIK"
          },
          "task_type" : "edu"
        },
        {
          "choiceOptions" : [
            {
              "text" : "ArrayList.remove() takes an int not a Course object.",
              "status" : "INCORRECT"
            },
            {
              "text" : "ArrayList.remove(Course c) just checks the equality of the object references. If we pass a Course with all the same fields as a Course in the List, it still wont be equal.",
              "status" : "CORRECT"
            },
            {
              "text" : "There's nothing wrong with it.",
              "status" : "INCORRECT"
            },
            {
              "text" : "ArrayList.remove(Course c) checks for equality of references. Two objects can have the same reference, so long as they are instances of different classes. Because of this, we might get a false positive.",
              "status" : "INCORRECT"
            }
          ],
          "isMultipleChoice" : false,
          "name" : "2.6",
          "files" : {
            "src/Main.java" : {
              "name" : "src/Main.java",
              "placeholders" : [ ],
              "is_visible" : true,
              "text" : "public class Main {\n   public static void main(String[] args) {\n      // write some tests here!\n   }\n}"
            },
            "src/Course.java" : {
              "name" : "src/Course.java",
              "placeholders" : [ ],
              "is_visible" : true,
              "text" : "public class Course {\n\n    private final String title;                     // title of the course\n    private final String code;                      // course code\n    private int numberOfStudents = 0;               // the number of students enrolled\n    private String instructor = \"\";                 // the name of the instructor of the course\n\n    /**\n     * Creates a new course with the supplied attributes. The number of students is by default 0.\n     */\n    public Course(String title, String code) {\n        this.title = title;\n        this.code = code;\n    }\n\n    /**\n     * Get this course's code.\n     */\n    public String getCode() {\n        return code;\n    }\n\n    /**\n     * Get this course's title.\n     */\n    public String getTitle() {\n        return title;\n    }\n\n    /**\n     * Increments the number of enrolled students.\n     */\n    public void addNewStudent() {\n        numberOfStudents += 1;\n    }\n\n    /**\n     * Get the instructor of this course.\n     */\n    public String getInstructor() {\n        return instructor;\n    }\n\n    /**\n     * Set the instructor of this course.\n     */\n    public void setInstructor(String newInstructor) {\n        instructor = newInstructor;\n    }\n}\n"
            },
            "src/Student.java" : {
              "name" : "src/Student.java",
              "placeholders" : [ ],
              "is_visible" : true,
              "text" : "import java.util.ArrayList;\n\npublic class Student {\n    private String name;                                        // the student's name\n    private String id;                                          // the student's id number\n    private ArrayList<Course> courses = new ArrayList<>();      // courses the student is enrolled in\n    private boolean fullLoad = false;                           // does the student have a full course load?\n\n    /**\n     * Create a new student with the supplied attributes. Courses and fullLoad are defaulted to 0/false.\n     */\n    public Student(String name, String id) {\n        this.name = name;\n        this.id = id;\n    }\n\n    /**\n     * Get the name of this student.\n     */\n    public String getName() {\n        return name;\n    }\n\n    /**\n     * Set the name of this student.\n     */\n    public void setName(String newName) {\n        name = newName;\n    }\n\n    /**\n     * Get the id of this student.\n     */\n    public String getID() {\n        return id;\n    }\n\n    /**\n     * Set the id of this student.\n     */\n    public void setID(String newID) {\n        id = newID;\n    }\n\n    /**\n     * Add a course to this student's course list. A student can only be enrolled in 5 courses at a time.\n     */\n    public void addCourse(Course course) {\n        if (!fullLoad) {\n            courses.add(course);\n            if (courses.size() == 5) fullLoad = true;\n        }\n    }\n\n    /**\n     * Remove a course from this student's course list.\n     */\n    public void removeCourse(Course course) {\n        if (courses.remove(course)) fullLoad = false;\n    }\n\n    /**\n     * Print out the courses field.\n     */\n    public void printCourseList() {\n        for (Course c : courses) {\n            System.out.println(c.getTitle() + \" \" + c.getCode() + \" Instructor:\" + c.getInstructor());\n        }\n    }\n}\n"
            }
          },
          "description_text" : "<html>\n<head>\n    <style type =\"text/css\">\n       .footer{\n           position: fixed;\n           text-align: left;\n           line-height: 1.5;\n           bottom: 0px;\n           left: 5px;\n           width: 100%;\n       }\n        </style>\n    <style type =\"text/css\">\n       .body {\n           padding-bottom: 50px;\n       }\n    </style>\n</head>\n<body>\n<div class=\"body\">\n    <h1>Lab 3 - Grouping Objects</h1>\n    <p>Authors: <strong>Martin Klamrowski</strong>, <strong>Cristina Ruiz Martin</strong></p>\n    <p>Relevant textbook reading - <strong>Chapters 6, 7</strong> (Think Java)</p>\n    <h3>~2.0 Collections~</h3>\n    <p>\n        Up until now, we have only been using a handful of objects at a time. Even with a couple of objects, the code\n        is tedious to write and read. It is helpful to be able to group multiple objects into a single \"container\"\n        for easier handling. This section looks at a variety of ways in which we can do this in Java.\n    </p>\n    <h3>~Task 2.6~</h3>\n    <p>\n        We can store our own objects in collections. Take a look at <code>Course.java</code> and\n        <code>Student.java</code>. They are mostly the same as Lab 1's Course and Student classes.\n    </p>\n    <p>\n        Answer the MC question below.\n    </p>\n    <div class=\"hint\">\n        Consult <a href=\"https://docs.oracle.com/javase/8/docs/api/java/util/ArrayList.html\">Oracle Docs: ArrayList</a>.\n    </div>\n</div>\n\n</body>\n<div class=\"footer\">\n    <p>\n        <strong>Question:</strong> What is wrong with the <code>removeCourse()</code> method in\n        <code>Student.java</code>?\n    </p>\n</div>\n\n</html>",
          "description_format" : "HTML",
          "feedback_link" : {
            "link_type" : "STEPIK"
          },
          "task_type" : "choice"
        },
        {
          "name" : "2.7",
          "files" : {
            "src/Main.java" : {
              "name" : "src/Main.java",
              "placeholders" : [ ],
              "is_visible" : true,
              "text" : "public class Main {\n   public static void main(String[] args) {\n      // write some tests here!\n   }\n}"
            },
            "src/Course.java" : {
              "name" : "src/Course.java",
              "placeholders" : [ ],
              "is_visible" : true,
              "text" : "public class Course {\n\n    private final String title;                     // title of the course\n    private final String code;                      // course code\n    private int numberOfStudents = 0;               // the number of students enrolled\n    private String instructor = \"\";                 // the name of the instructor of the course\n\n    /**\n     * Creates a new course with the supplied attributes. The number of students is by default 0.\n     */\n    public Course(String title, String code) {\n        this.title = title;\n        this.code = code;\n    }\n\n    /**\n     * Get this course's code.\n     */\n    public String getCode() {\n        return code;\n    }\n\n    /**\n     * Get this course's title.\n     */\n    public String getTitle() {\n        return title;\n    }\n\n    /**\n     * Increments the number of enrolled students.\n     */\n    public void addNewStudent() {\n        numberOfStudents += 1;\n    }\n\n    /**\n     * Get the instructor of this course.\n     */\n    public String getInstructor() {\n        return instructor;\n    }\n\n    /**\n     * Set the instructor of this course.\n     */\n    public void setInstructor(String newInstructor) {\n        instructor = newInstructor;\n    }\n}\n"
            },
            "src/Student.java" : {
              "name" : "src/Student.java",
              "placeholders" : [ ],
              "is_visible" : true,
              "text" : "import java.util.ArrayList;\n\npublic class Student {\n    private String name;                                        // the student's name\n    private String id;                                          // the student's id number\n    private ArrayList<Course> courses = new ArrayList<>();      // courses the student is enrolled in\n    private boolean fullLoad = false;                           // does the student have a full course load?\n\n    /**\n     * Create a new student with the supplied attributes. Courses and fullLoad are defaulted to 0/false.\n     */\n    public Student(String name, String id) {\n        this.name = name;\n        this.id = id;\n    }\n\n    /**\n     * Get the name of this student.\n     */\n    public String getName() {\n        return name;\n    }\n\n    /**\n     * Set the name of this student.\n     */\n    public void setName(String newName) {\n        name = newName;\n    }\n\n    /**\n     * Get the id of this student.\n     */\n    public String getID() {\n        return id;\n    }\n\n    /**\n     * Set the id of this student.\n     */\n    public void setID(String newID) {\n        id = newID;\n    }\n\n    /**\n     * Add a course to this student's course list. A student can only be enrolled in 5 courses at a time.\n     */\n    public void addCourse(Course course) {\n        if (!fullLoad) {\n            courses.add(course);\n            if (courses.size() == 5) fullLoad = true;\n        }\n    }\n\n    /**\n     * Remove a course from this student's course list.\n     */\n    public void removeCourse(Course course) {\n        if (courses.remove(course)) fullLoad = false;\n    }\n\n    /**\n     * Print out the courses field.\n     */\n    public void printCourseList() {\n        for (Course c : courses) {\n            System.out.println(c.getTitle() + \" \" + c.getCode() + \" Instructor:\" + c.getInstructor());\n        }\n    }\n}\n"
            }
          },
          "description_text" : "<html>\n<head>\n    <style type =\"text/css\">\n       .footer{\n           position: fixed;\n           text-align: left;\n           line-height: 1.5;\n           bottom: 0px;\n           left: 5px;\n           width: 100%;\n       }\n        </style>\n    <style type =\"text/css\">\n       .body {\n           padding-bottom: 50px;\n       }\n    </style>\n</head>\n<body>\n<div class=\"body\">\n    <h1>Lab 3 - Grouping Objects</h1>\n    <p>Authors: <strong>Martin Klamrowski</strong>, <strong>Cristina Ruiz Martin</strong></p>\n    <p>Relevant textbook reading - <strong>Chapters 6, 7</strong> (Think Java)</p>\n    <h3>~2.0 Collections~</h3>\n    <p>\n        Up until now, we have only been using a handful of objects at a time. Even with a couple of objects, the code\n        is tedious to write and read. It is helpful to be able to group multiple objects into a single \"container\"\n        for easier handling. This section looks at a variety of ways in which we can do this in Java.\n    </p>\n    <h3>~Task 2.7~</h3>\n    <p>\n        We can store our own objects in collections. Take a look at <code>Course.java</code> and\n        <code>Student.java</code>. They are mostly the same as Lab 1's Course and Student classes.\n    </p>\n    <p>\n        Right now, our methods <code>addCourse()</code> and <code>removeCourse()</code> in <code>Student.java</code> do\n        not work very well.\n        There is no checking for duplicates in <code>addCourse()</code>, and <code>removeCourse()</code> only removes\n        based on the object reference. We need courses to be uniquely identifiable based on their <code>code</code>.\n        That requires that the <code>addCourse()</code> method check that there are no courses with identical codes\n        already in the ArrayList before performing the addition. Likewise, <code>removeCourse()</code> should remove the\n        course with the given course <code>code</code> if it exists in the ArrayList.\n    </p>\n    <p>\n        Your task:\n    </p>\n    <ol>\n        <li>\n            Define a new method in <code>Course.java</code> called <code>isSameCourse()</code>.\n            This method should:\n            <ul>\n                <li>\n                    Take a Course object as the only parameter.\n                </li>\n                <li>\n                    Return a boolean <code>true</code> if the supplied Course object's <code>code</code> is equal to\n                    'this' object's <code>code</code>. <code>false</code> otherwise.\n                </li>\n            </ul>\n        </li>\n        <li>\n            Modify the <code>addCourse()</code> method in <code>Student.java</code> so that the addition is only\n            performed if the Student's <code>courses</code> do not already contain the <code>code</code> of the supplied\n            Course. This check is in addition to the already implemented checks on <code>fullLoad</code> (i.e. a Student\n            cannot take more than 5 courses).\n        </li>\n        <li>\n            Modify the <code>removeCourse()</code> method in <code>Student.java</code> so that if a Course with the same\n            <code>code</code> as the supplied Course exists in <code>courses</code>, it is removed. You can assume that\n            all of the Student's Courses have different codes. This is a reasonable assumption if you implemented\n            <code>addCourse()</code> correctly! <code>fullLoad</code> should\n            still be modified accordingly: if a remove is performed, the <code>fullLoad</code> field should be set to\n            <code>false</code>.\n        </li>\n    </ol>\n\n\n</div>\n\n</body>\n<!--<div class=\"footer\">-->\n<!--    <p>-->\n<!--        <strong>Test it!</strong>-->\n<!--    </p>-->\n<!--</div>-->\n\n</html>",
          "description_format" : "HTML",
          "feedback_link" : {
            "link_type" : "STEPIK"
          },
          "task_type" : "theory"
        },
        {
          "name" : "2.8",
          "files" : {
            "src/Main.java" : {
              "name" : "src/Main.java",
              "placeholders" : [ ],
              "is_visible" : true,
              "text" : "public class Main {\n   public static void main(String[] args) {\n      // write some tests here!\n   }\n}"
            },
            "src/Course.java" : {
              "name" : "src/Course.java",
              "placeholders" : [ ],
              "is_visible" : true,
              "text" : "public class Course {\n\n    private final String title;                     // title of the course\n    private final String code;                      // course code\n    private int numberOfStudents = 0;               // the number of students enrolled\n    private String instructor = \"\";                    // the name of the teacher of the course\n\n    /**\n     * Creates a new course with the supplied attributes. The number of students is by default 0.\n     */\n    public Course(String title, String code) {\n        this.title = title;\n        this.code = code;\n    }\n\n    /**\n     * Get this course's code.\n     */\n    public String getCode() {\n        return code;\n    }\n\n    /**\n     * Get this course's title.\n     */\n    public String getTitle() {\n        return title;\n    }\n\n    /**\n     * Increments the number of enrolled students.\n     */\n    public void addNewStudent() {\n        numberOfStudents += 1;\n    }\n\n    /**\n     * Get the instructor of this course.\n     */\n    public String getInstructor() {\n        return instructor;\n    }\n\n    /**\n     * Set the instructor of this course.\n     */\n    public void setInstructor(String newInstructor) {\n        instructor = newInstructor;\n    }\n}\n"
            },
            "src/Student.java" : {
              "name" : "src/Student.java",
              "placeholders" : [ ],
              "is_visible" : true,
              "text" : "import java.util.ArrayList;\n\npublic class Student {\n    private String name;                                        // the student's name\n    private String id;                                          // the student's id number\n    private ArrayList<Course> courses = new ArrayList<>();      // courses the student is enrolled in\n    private boolean fullLoad = false;                           // does the student have a full course load?\n\n    /**\n     * Create a new student with the supplied attributes. Courses and fullLoad are defaulted to 0/false.\n     */\n    public Student(String name, String id) {\n        this.name = name;\n        this.id = id;\n    }\n\n    /**\n     * Get the name of this student.\n     */\n    public String getName() {\n        return name;\n    }\n\n    /**\n     * Set the name of this student.\n     */\n    public void setName(String newName) {\n        name = newName;\n    }\n\n    /**\n     * Get the id of this student.\n     */\n    public String getID() {\n        return id;\n    }\n\n    /**\n     * Set the id of this student.\n     */\n    public void setID(String newID) {\n        id = newID;\n    }\n\n    /**\n     * Add a course to this student's course list. A student can only be enrolled in 5 courses at a time.\n     */\n    public void addCourse(Course course) {\n        if (!fullLoad) {\n            courses.add(course);\n            if (courses.size() == 5) fullLoad = true;\n        }\n    }\n\n    /**\n     * Remove a course from this student's course list.\n     */\n    public void removeCourse(Course course) {\n        if (courses.remove(course)) fullLoad = false;\n    }\n\n    /**\n     * Print out the courses field.\n     */\n    public void printCourseList() {\n        for (Course c : courses) {\n            System.out.println(c.getTitle() + \" \" + c.getCode() + \" Instructor:\" + c.getInstructor());\n        }\n    }\n}\n"
            }
          },
          "description_text" : "<html>\n<head>\n    <style type =\"text/css\">\n       .footer{\n           position: fixed;\n           text-align: left;\n           line-height: 1.5;\n           bottom: 0px;\n           left: 5px;\n           width: 100%;\n       }\n        </style>\n    <style type =\"text/css\">\n       .body {\n           padding-bottom: 50px;\n       }\n    </style>\n</head>\n<body>\n<div class=\"body\">\n    <h1>Lab 3 - Grouping Objects</h1>\n    <p>Authors: <strong>Martin Klamrowski</strong>, <strong>Cristina Ruiz Martin</strong></p>\n    <p>Relevant textbook reading - <strong>Chapters 6, 7</strong> (Think Java)</p>\n    <h3>~2.0 Collections~</h3>\n    <p>\n        Up until now, we have only been using a handful of objects at a time. Even with a couple of objects, the code\n        is tedious to write and read. It is helpful to be able to group multiple objects into a single \"container\"\n        for easier handling. This section looks at a variety of ways in which we can do this in Java.\n    </p>\n    <h3>~Task 2.8~</h3>\n    <p>\n        Bring over your newly improved <code>Student.java</code> and <code>Course.java</code> files from 2.7.\n    </p>\n    <p>\n        In this task, you will be making similar modifications to the Course class. Instead of the\n        <code>numOfStudents</code> field,\n        we want an ArrayList that will store all of the Students enrolled in this Course.\n    </p>\n    <p>\n        Do the following:\n    </p>\n    <ol>\n        <li>\n            Replace the <code>numOfStudents</code> field with a new field called <code>enrolledStudents</code>. It\n            should be an ArrayList.\n        </li>\n        <li>\n            Modify the <code>addNewStudent()</code> method so that it now adds the input parameter (i.e. the Student\n            object) to the <code>enrolledStudents</code> ArrayList. There should be no duplicates! Duplicate Students\n            have the same <code>id</code>!\n        </li>\n    </ol>\n    <div class=\"hint\">\n        It might be helpful to define a new method in <code>Student.java</code> that can check for equality between\n        two Student objects, like with <code>isSameCourse()</code> in 2.7.\n    </div>\n\n\n</div>\n\n</body>\n<!--<div class=\"footer\">-->\n<!--    <p>-->\n<!--        <strong>Test it!</strong>-->\n<!--    </p>-->\n<!--</div>-->\n\n</html>",
          "description_format" : "HTML",
          "feedback_link" : {
            "link_type" : "STEPIK"
          },
          "task_type" : "theory"
        }
      ],
      "type" : "lesson"
    },
    {
      "title" : "3.0 Lab Problem",
      "task_list" : [
        {
          "name" : "3.1",
          "files" : {
            "src/Main.java" : {
              "name" : "src/Main.java",
              "placeholders" : [ ],
              "is_visible" : true,
              "text" : "public class Main {\n   public static void main(String[] args) {\n      // you can test here\n   }\n}"
            },
            "src/Course.java" : {
              "name" : "src/Course.java",
              "placeholders" : [ ],
              "is_visible" : true,
              "text" : "public class Course {\n\n    private final String title;                     // title of the course\n    private final String code;                      // course code\n    private int numberOfStudents = 0;               // the number of students enrolled\n    private String instructor = \"\";                 // the name of the instructor of the course\n\n    /**\n     * Creates a new course with the supplied attributes. The number of students is by default 0.\n     */\n    public Course(String title, String code) {\n        this.title = title;\n        this.code = code;\n    }\n\n    /**\n     * Get this course's code.\n     */\n    public String getCode() {\n        return code;\n    }\n\n    /**\n     * Get this course's title.\n     */\n    public String getTitle() {\n        return title;\n    }\n\n    /**\n     * Increments the number of enrolled students.\n     */\n    public void addNewStudent() {\n        numberOfStudents += 1;\n    }\n\n    /**\n     * Get the instructor of this course.\n     */\n    public String getInstructor() {\n        return instructor;\n    }\n\n    /**\n     * Set the instructor of this course.\n     */\n    public void setInstructor(String newInstructor) {\n        instructor = newInstructor;\n    }\n}\n"
            },
            "src/Student.java" : {
              "name" : "src/Student.java",
              "placeholders" : [ ],
              "is_visible" : true,
              "text" : "import java.util.ArrayList;\n\npublic class Student {\n    private String name;                                        // the student's name\n    private String id;                                          // the student's id number\n    private ArrayList<Course> courses = new ArrayList<>();      // courses the student is enrolled in\n    private boolean fullLoad = false;                           // does the student have a full course load?\n\n    /**\n     * Create a new student with the supplied attributes. Courses and fullLoad are defaulted to 0/false.\n     */\n    public Student(String name, String id) {\n        this.name = name;\n        this.id = id;\n    }\n\n    /**\n     * Get the name of this student.\n     */\n    public String getName() {\n        return name;\n    }\n\n    /**\n     * Set the name of this student.\n     */\n    public void setName(String newName) {\n        name = newName;\n    }\n\n    /**\n     * Get the id of this student.\n     */\n    public String getID() {\n        return id;\n    }\n\n    /**\n     * Set the id of this student.\n     */\n    public void setID(String newID) {\n        id = newID;\n    }\n\n    /**\n     * Add a course to this student's course list. A student can only be enrolled in 5 courses at a time.\n     */\n    public void addCourse(Course course) {\n        if (!fullLoad) {\n            courses.add(course);\n            if (courses.size() == 5) fullLoad = true;\n        }\n    }\n\n    /**\n     * Remove a course from this student's course list.\n     */\n    public void removeCourse(Course course) {\n        if (courses.remove(course)) fullLoad = false;\n    }\n\n    /**\n     * Print out the courses field.\n     */\n    public void printCourseList() {\n        for (Course c : courses) {\n            System.out.println(c.getTitle() + \" \" + c.getCode() + \" Instructor:\" + c.getInstructor());\n        }\n    }\n}\n"
            },
            "src/Instructor.java" : {
              "name" : "src/Instructor.java",
              "placeholders" : [ ],
              "is_visible" : true,
              "text" : "// STUDENT NAME //\n// STUDENT NUMBER //\n\npublic class Instructor {\n    private String name;\n    private String department;\n    private boolean tenure;\n    private int numStudents = 0;\n\n    public Instructor(String name, String department, boolean tenure) {\n        this.name = name;\n        this.department = department;\n        this.tenure = tenure;\n    }\n\n    public String getName() {\n        return name;\n    }\n\n    public String getDepartment() {\n        return department;\n    }\n\n    public boolean getTenure() {\n        return tenure;\n    }\n\n    public int getNumStudents() {\n        return numStudents;\n    }\n\n    public void setTenure(boolean newValue) {\n        tenure = newValue;\n    }\n\n    public boolean assignNewCourse(int numNewStudents) {\n        if (numStudents + numNewStudents > 500) {\n            return false;\n        }\n        numStudents += numNewStudents;\n        return true;\n    }\n}\n"
            }
          },
          "description_text" : "<html>\n<head>\n    <style type =\"text/css\">\n        .footer {\n            position: fixed;\n            text-align: left;\n            bottom: 0px;\n            left: 5px;\n            width: 100%;\n        }\n    </style>\n    <style type =\"text/css\">\n       .body {\n            padding-bottom: 50px;\n       }\n    </style>\n    <style>\n       .preamble {\n            border: 5px rgb(255, 0, 0) dashed;\n            padding: 5px;\n            display: block;\n       }\n    </style>\n</head>\n<body>\n<div class=\"body\">\n    <h1>Lab 3 - Grouping Objects</h1>\n    <p>Authors: <strong>Martin Klamrowski</strong>, <strong>Cristina Ruiz Martin</strong></p>\n    <p>Relevant textbook reading - <strong>Chapters 6, 7</strong> (Think Java)</p>\n    <h3>~3.0 Lab Problem~</h3>\n    <div class=\"preamble\">\n        <p>\n            You must submit your solution to this problem on CuLearn.\n            <strong>\n                YOU MUST INCLUDE YOUR FULL NAME AND STUDENT NUMBER IN COMMENTS AT THE\n                HEAD OF EVERY FILE YOU SUBMIT\n            </strong>.\n        </p>\n        <p>\n            Submit <strong><u><i>ONLY</i></u></strong> the files specified at the end of this big red box. The files\n            and code within should be completed according to the specifications made <i>throughout</i> the Lab, and only\n            the final versions should be submitted. I.e., if Task 55.23 tells you to add accessor methods to MyClass,\n            you are required to include that code if MyClass needs to be submitted as part of the solution to the\n            Lab Problem (<strong>unless</strong> a later Task or the Lab Problem state otherwise).\n        </p>\n        <p>\n            If you choose to complete the problem in this environment, the files can be\n            retrieved by right-clicking '3.0 Lab Problem'>Show in Files/Explorer.\n        </p>\n        <p>\n            Submit <strong>Instructor.java</strong>, <strong>Student.java</strong>,\n            <strong>Course.java</strong> when you are done.\n        </p>\n    </div>\n    <h3>~Problem 3.1~</h3>\n    <p>\n        Bring over your completed <code>Course.java</code> and <code>Student.java</code> files from 2.8. Note that the\n        versions included here are not complete.\n    </p>\n    <p>\n        Our completed <code>Instructor.java</code> file from Lab 1 is included here. We are going to be making some\n        modifications.\n    </p>\n    <p>\n        Make the following changes to <code>Instructor.java</code>:\n    </p>\n    <ul>\n        <li>\n            Create a new field called <code>courses</code> to store all of the Courses currently being taught by this\n            Instructor.\n        </li>\n        <li>\n            We also want to transform the <code>numStudents</code> field into an ArrayList of students.\n            This ArrayList will contain all of the Students that the Instructor is currently teaching.\n        </li>\n        <li>\n            This means you must update the <code>assignNewCourse()</code> method.\n            <ul>\n                <li>\n                    The method should now take a Course object as a parameter.\n                </li>\n                <li>\n                    The method should add the new Course to the <code>courses</code> field. Note that you cannot assign\n                    the Course to the Instructor if the Instructor is already assigned to the Course.\n                </li>\n                <li>\n                    If the Course is added to <code>courses</code>, it should also take all the <code>students</code>\n                    enrolled in the Course and add them to the <code>students</code> ArrayList in Instructor (you will\n                    need an accessor method!). You can assume that there are no duplicate students when writing your\n                    <code>assignNewCourse()</code> method.\n                </li>\n                <li>\n                    The previous functionality should remain the same, i.e. the Instructor cannot be assigned a new Course\n                    if the new Course brings the total number of students to over 500. The method should still return a\n                    boolean based on whether or not the assigning was successful.\n                </li>\n                <li>\n                    If the assigning is successful, set the <code>instructor</code> field for the Course to that\n                    Instructor. For this, you will need to modify the respective fields/methods in\n                    <code>Course.java</code> so that an Instructor object is used instead of a String.\n                </li>\n                <li>\n                    You can assume that there are no duplicate Students when writing your <code>assignNewCourse()</code>\n                    method. You cannot assume the same for the <code>courses</code> field (you cannot assign the\n                    Instructor a Course already in the <code>courses</code> field).\n                </li>\n            </ul>\n        </li>\n        <li>\n            We still want a <code>getNumStudents()</code> method in <code>Instructor.java</code>. Make the required\n            modifications so that the number of students the Instructor has is returned.\n        </li>\n    </ul>\n\n</div>\n</body>\n<div class=\"footer\">\n    <strong>You can run your code here.</strong>\n</div>\n\n</html>",
          "description_format" : "HTML",
          "feedback_link" : {
            "link_type" : "STEPIK"
          },
          "task_type" : "theory"
        }
      ],
      "type" : "lesson"
    }
  ],
  "additional_files" : [
    {
      "name" : "build.gradle",
      "placeholders" : [ ],
      "is_visible" : true,
      "text" : "buildscript {\n    repositories {\n        mavenCentral()\n    }\n}\n\ndef printOutput(def output) {\n    return tasks.create(\"printOutput\") {\n        for (line in output.toString().readLines()) {\n            println \"#educational_plugin\" + line\n        }\n    }\n}\n\nsubprojects {\n    apply plugin: 'application'\n    apply plugin: 'java'\n\n    sourceCompatibility = 1.8\n\n    repositories {\n        mavenCentral()\n    }\n\n    dependencies {\n        testCompile group: 'junit', name: 'junit', version: '4.12'\n    }\n\n    sourceSets {\n        main {\n            java.srcDir 'src'\n        }\n        test {\n            java.srcDir 'test'\n        }\n    }\n\n    mainClassName = project.hasProperty(\"mainClass\") ? project.getProperty(\"mainClass\") : \"\"\n\n    def runOutput = new ByteArrayOutputStream()\n    tasks.run.setStandardOutput(runOutput)\n    tasks.run.doLast { printOutput(runOutput) }\n}\n\nproject(':util') {\n    dependencies {\n        compile group: 'junit', name: 'junit', version: '4.12'\n    }\n}\n\nconfigure(subprojects.findAll {it.name != 'util'}) {\n  dependencies {\n    compile project(':util').sourceSets.main.output\n    testCompile project(':util').sourceSets.test.output\n  }\n}\n"
    }
  ],
  "version" : 11
}