{
  "summary" : "SYSC2004 (WN2021) - Lab 7",
  "title" : "Lab 7 - Polymorphism",
  "authors" : [
    "MK"
  ],
  "programming_language" : "JAVA",
  "language" : "en",
  "course_type" : "PyCharm",
  "items" : [
    {
      "title" : "1.0 How Java Works",
      "task_list" : [
        {
          "choiceOptions" : [
            {
              "text" : "The bytecode is then compiled into HTML and run by the OS.",
              "status" : "INCORRECT"
            },
            {
              "text" : "The bytecode is now executable (a .exe) and can be double-clicked and executed.",
              "status" : "INCORRECT"
            },
            {
              "text" : "The bytecode is passed onto the JVM which knows how to execute it.",
              "status" : "CORRECT"
            },
            {
              "text" : "The bytecode can be opened in a Jupyter Notebook with a Java kernel and executed from there.",
              "status" : "INCORRECT"
            }
          ],
          "isMultipleChoice" : false,
          "name" : "1.1",
          "files" : {
            "src/Main.java" : {
              "name" : "src/Main.java",
              "placeholders" : [ ],
              "is_visible" : true,
              "text" : "public class Main {\n   public static void main(String[] args) {\n      // Write your solution here\n   }\n}"
            }
          },
          "description_text" : "<html>\n<head>\n    <style type =\"text/css\">\n       .footer{\n           position: fixed;\n           text-align: left;\n           line-height: 1.5;\n           bottom: 0px;\n           left: 5px;\n           width: 100%;\n       }\n        </style>\n    <style type =\"text/css\">\n       .body {\n           padding-bottom: 200px;\n       }\n    </style>\n</head>\n<body>\n<div class=\"body\">\n    <h1>Lab 7 - Polymorphism</h1>\n    <p>Authors: <strong>Martin Klamrowski</strong>, <strong>Cristina Ruiz Martin</strong></p>\n    <p>Relevant textbook reading - <strong>Chapter 1, 7</strong> (The Object Oriented Thought Process)</p>\n    <h3>~1.0 How Java Works~</h3>\n    <p>\n        This lab will go over more concepts related to polymorphism, and we will look more closely at concepts already\n        introduced in Lab 6.\n    </p>\n    <p>\n        A little background on the Java programming language will help to understand some polymorphism concepts such\n        as dynamic and static binding. This section provides a brief overview of the pipeline for a Java program, and\n        the sequence of events that takes place after you press 'Run' in IntelliJ.\n    </p>\n    <h3>~Task 1.1~</h3>\n    <p>\n        As we already know, everything in Java is a class, i.e., everything is built from classes. We see these classes\n        as lines of code in <code>Main.java</code> for example, but how does \"the computer\" know how to interpret this\n        code and execute it? (Please note that the word interpret is used loosely here.)\n    </p>\n    <p>\n        The first step in the process is the compilation of <code>.java</code> files into bytecode. If you compile and\n        run your Java\n        programs from a command prompt, you would use a program called <code>javac</code> to first compile your\n        <code>.java</code> file. <code>javac</code> is a Java compiler. If you then took a peek into your directory, you\n        would find a <code>.class</code> file. This <code>.class</code> file contains the bytecode.\n    </p>\n    <p>\n        Answer the MC question below.\n    </p>\n</div>\n\n</body>\n<div class=\"footer\">\n    <p>\n        <strong>Question:</strong> After the <code>.java</code> files are compiled into <code>.class</code> files\n        (bytecode), what is the next step?\n    </p>\n</div>\n\n</html>",
          "description_format" : "HTML",
          "feedback_link" : {
            "link_type" : "STEPIK"
          },
          "task_type" : "choice"
        },
        {
          "choiceOptions" : [
            {
              "text" : "Java Compiler",
              "status" : "CORRECT"
            },
            {
              "text" : "Java Compiler, JVM Class Loader",
              "status" : "INCORRECT"
            },
            {
              "text" : "Java Compiler, JVM Class Loader, JVM Execution Engine",
              "status" : "INCORRECT"
            },
            {
              "text" : "Java Compiler, JVM Class Loader, JVM Execution Engine, OS",
              "status" : "INCORRECT"
            }
          ],
          "isMultipleChoice" : false,
          "name" : "1.2",
          "files" : {
            "src/Main.java" : {
              "name" : "src/Main.java",
              "placeholders" : [ ],
              "is_visible" : true,
              "text" : "public class Main {\n   public static void main(String[] args) {\n      // Write your solution here\n   }\n}"
            }
          },
          "description_text" : "<html>\n<head>\n    <style type =\"text/css\">\n       .footer{\n           position: fixed;\n           text-align: left;\n           line-height: 1.5;\n           bottom: 0px;\n           left: 5px;\n           width: 100%;\n       }\n        </style>\n    <style type =\"text/css\">\n       .body {\n           padding-bottom: 200px;\n       }\n    </style>\n</head>\n<body>\n<div class=\"body\">\n    <h1>Lab 7 - Polymorphism</h1>\n    <p>Authors: <strong>Martin Klamrowski</strong>, <strong>Cristina Ruiz Martin</strong></p>\n    <p>Relevant textbook reading - <strong>Chapter 1, 7</strong> (The Object Oriented Thought Process)</p>\n    <h3>~1.0 How Java Works~</h3>\n    <p>\n        This lab will go over more concepts related to polymorphism, and we will look more closely at concepts already\n        introduced in Lab 6.\n    </p>\n    <p>\n        A little background on the Java programming language will help to understand some polymorphism concepts such\n        as dynamic and static binding. This section provides a brief overview of the pipeline for a Java program, and\n        the sequence of events that takes place after you press 'Run' in IntelliJ.\n    </p>\n    <h3>~Task 1.2~</h3>\n    <p>\n        What is the JVM (Java Virtual Machine)? Well, it is a virtual machine (sort of) that runs Java code. Using a\n        virtual machine gives Java the advantage of being portable, meaning any OS can run Java bytecode by adhering\n        to the JVM specifications. In short, you can take Java classes compiled on Windows, and run the compiled\n        bytecode on Linux (for example), assuming a JVM is present.\n    </p>\n    <p>\n        At a high level, the specifications for a JVM are essentially: must be able to load <code>.class</code> file,\n        and then execute it. These functions are performed by the JVM's class loader and execution engine respectively.\n    </p>\n    <p>\n        Answer the MC question below.\n    </p>\n</div>\n\n</body>\n<div class=\"footer\">\n    <p>\n        <strong>Question:</strong> Which components involved in the pipeline of a Java application form the compile-time\n        environment?\n    </p>\n</div>\n\n</html>",
          "description_format" : "HTML",
          "feedback_link" : {
            "link_type" : "STEPIK"
          },
          "task_type" : "choice"
        },
        {
          "choiceOptions" : [
            {
              "text" : "Java Compiler, JVM Class Loader, JVM Execution Engine, OS",
              "status" : "INCORRECT"
            },
            {
              "text" : "JVM Class Loader, JVM Execution Engine, OS",
              "status" : "CORRECT"
            },
            {
              "text" : "JVM Execution Engine, OS",
              "status" : "INCORRECT"
            },
            {
              "text" : "OS",
              "status" : "INCORRECT"
            }
          ],
          "isMultipleChoice" : false,
          "name" : "1.3",
          "files" : {
            "src/Main.java" : {
              "name" : "src/Main.java",
              "placeholders" : [ ],
              "is_visible" : true,
              "text" : "public class Main {\n   public static void main(String[] args) {\n      // Write your solution here\n   }\n}"
            }
          },
          "description_text" : "<html>\n<head>\n    <style type =\"text/css\">\n       .footer{\n           position: fixed;\n           text-align: left;\n           line-height: 1.5;\n           bottom: 0px;\n           left: 5px;\n           width: 100%;\n       }\n        </style>\n    <style type =\"text/css\">\n       .body {\n           padding-bottom: 200px;\n       }\n    </style>\n</head>\n<body>\n<div class=\"body\">\n    <h1>Lab 7 - Polymorphism</h1>\n    <p>Authors: <strong>Martin Klamrowski</strong>, <strong>Cristina Ruiz Martin</strong></p>\n    <p>Relevant textbook reading - <strong>Chapter 1, 7</strong> (The Object Oriented Thought Process)</p>\n    <h3>~1.0 How Java Works~</h3>\n    <p>\n        This lab will go over more concepts related to polymorphism, and we will look more closely at concepts already\n        introduced in Lab 6.\n    </p>\n    <p>\n        A little background on the Java programming language will help to understand some polymorphism concepts such\n        as dynamic and static binding. This section provides a brief overview of the pipeline for a Java program, and\n        the sequence of events that takes place after you press 'Run' in IntelliJ.\n    </p>\n    <h3>~Task 1.3~</h3>\n    <p>\n        Answer the MC question below.\n    </p>\n</div>\n\n</body>\n<div class=\"footer\">\n    <p>\n        <strong>Question:</strong> Which components involved in the pipeline of a Java application form the run-time\n        environment?\n    </p>\n</div>\n\n</html>",
          "description_format" : "HTML",
          "feedback_link" : {
            "link_type" : "STEPIK"
          },
          "task_type" : "choice"
        }
      ],
      "type" : "lesson"
    },
    {
      "title" : "2.0 Method Overriding",
      "task_list" : [
        {
          "choiceOptions" : [
            {
              "text" : "<code>@Override public String goes() { return \"VROOM\"; }</code>",
              "status" : "INCORRECT"
            },
            {
              "text" : "<code>@Override public void goes() { System.out.println(\"VROOM\"); }</code>",
              "status" : "CORRECT"
            },
            {
              "text" : "<code>@Override private void goes() { System.out.println(\"VROOM\"); }</code>",
              "status" : "INCORRECT"
            },
            {
              "text" : "<code>@Override public String goes() { System.out.println(\"VROOM\"); }</code>",
              "status" : "INCORRECT"
            }
          ],
          "isMultipleChoice" : false,
          "name" : "2.1",
          "files" : {
            "src/Main.java" : {
              "name" : "src/Main.java",
              "placeholders" : [ ],
              "is_visible" : true,
              "text" : "public class Main {\n   public static void main(String[] args) {\n      // run code here\n\n      Car[] cars = {new KiaRio(), new TeslaS(), new FordBronco()};\n\n      for (Car c : cars) {\n         System.out.print(c.getClass() + \" goes: \");\n         c.goes();\n      }\n   }\n}"
            },
            "src/Car.java" : {
              "name" : "src/Car.java",
              "placeholders" : [ ],
              "is_visible" : true,
              "text" : "public class Car {\n    public void goes() {\n        System.out.println(\"Vroom\");\n    }\n}\n"
            },
            "src/FordBronco.java" : {
              "name" : "src/FordBronco.java",
              "placeholders" : [ ],
              "is_visible" : true,
              "text" : "public class FordBronco extends Car {\n}\n"
            },
            "src/KiaRio.java" : {
              "name" : "src/KiaRio.java",
              "placeholders" : [ ],
              "is_visible" : true,
              "text" : "public class KiaRio extends Car {\n    @Override\n    public void goes() {\n        System.out.println(\"Clunk\");\n    }\n}\n"
            },
            "src/TeslaS.java" : {
              "name" : "src/TeslaS.java",
              "placeholders" : [ ],
              "is_visible" : true,
              "text" : "public class TeslaS extends Car {\n    @Override\n    public void goes() {\n        System.out.println(\"\");\n    }\n}\n"
            }
          },
          "description_text" : "<html>\n<head>\n    <style type =\"text/css\">\n       .footer{\n           position: fixed;\n           text-align: left;\n           line-height: 1.5;\n           bottom: 0px;\n           left: 5px;\n           width: 100%;\n       }\n        </style>\n    <style type =\"text/css\">\n       .body {\n           padding-bottom: 200px;\n       }\n    </style>\n</head>\n<body>\n<div class=\"body\">\n    <h1>Lab 7 - Polymorphism</h1>\n    <p>Authors: <strong>Martin Klamrowski</strong>, <strong>Cristina Ruiz Martin</strong></p>\n    <p>Relevant textbook reading - <strong>Chapter 1, 7</strong> (The Object Oriented Thought Process)</p>\n    <h3>~2.0 Method Overriding~</h3>\n    <p>\n        As mentioned in Lab 6, polymorphism in Java can be achieved by overriding and overloading methods. This section\n        will take a close look at method overriding.\n    </p>\n    <h3>~Task 2.1~</h3>\n    <p>\n        Method overriding is one way to achieve polymorphism. In this task, we have several classes modeling several\n        types of cars. As you learned in Lab 6, method overriding enables us to specify different behaviour for classes\n        in the same inheritance tree, while using the same method name. The term overriding is intuitive because when\n        a method is overridden, you are saying a class should <i>override</i> the behaviour from its parent\n        class and replace it with its own.\n    </p>\n    <p>\n        Answer the MC question below.\n    </p>\n</div>\n\n</body>\n<div class=\"footer\">\n    <p>\n        <strong>Question:</strong> What needs to be added to <code>FordBronco.java</code> so that FordBronco goes\n        \"VROOM\" instead of \"Vroom\"?\n    </p>\n</div>\n\n</html>",
          "description_format" : "HTML",
          "feedback_link" : {
            "link_type" : "STEPIK"
          },
          "task_type" : "choice"
        },
        {
          "choiceOptions" : [
            {
              "text" : "The correct method call is determined before run-time (by the compiler).",
              "status" : "INCORRECT"
            },
            {
              "text" : "Method overriding increases the run-time of the program.",
              "status" : "INCORRECT"
            },
            {
              "text" : "The correct method call is determined after run-time (by the programmer).",
              "status" : "INCORRECT"
            },
            {
              "text" : "The correct method call is determined at run-time (by the JVM).",
              "status" : "CORRECT"
            }
          ],
          "isMultipleChoice" : false,
          "name" : "2.2",
          "files" : {
            "src/Main.java" : {
              "name" : "src/Main.java",
              "placeholders" : [ ],
              "is_visible" : true,
              "text" : "public class Main {\n   public static void main(String[] args) {\n      // Write your solution here\n   }\n}"
            }
          },
          "description_text" : "<html>\n<head>\n    <style type =\"text/css\">\n       .footer{\n           position: fixed;\n           text-align: left;\n           line-height: 1.5;\n           bottom: 0px;\n           left: 5px;\n           width: 100%;\n       }\n        </style>\n    <style type =\"text/css\">\n       .body {\n           padding-bottom: 200px;\n       }\n    </style>\n</head>\n<body>\n<div class=\"body\">\n    <h1>Lab 7 - Polymorphism</h1>\n    <p>Authors: <strong>Martin Klamrowski</strong>, <strong>Cristina Ruiz Martin</strong></p>\n    <p>Relevant textbook reading - <strong>Chapter 1, 7</strong> (The Object Oriented Thought Process)</p>\n    <h3>~2.0 Method Overriding~</h3>\n    <p>\n        As mentioned in Lab 6, polymorphism in Java can be achieved by overriding and overloading methods. This section\n        will take a close look at method overriding.\n    </p>\n    <h3>~Task 2.2~</h3>\n    <p>\n        From Task 2.1, we can see how polymorphic behaviour can be beneficial. Method overriding is an extremely useful\n        tool because it simplifies code dramatically.\n    </p>\n    <p>\n        Method overriding is used to achieve what is called <strong>run-time polymorphism</strong>, or\n        <strong>dynamic binding</strong>.\n    </p>\n    <p>\n        Answer the MC question below.\n    </p>\n</div>\n\n</body>\n<div class=\"footer\">\n    <p>\n        <strong>Question:</strong> What does run-time polymorphism mean?\n    </p>\n</div>\n\n</html>",
          "description_format" : "HTML",
          "feedback_link" : {
            "link_type" : "STEPIK"
          },
          "task_type" : "choice"
        },
        {
          "choiceOptions" : [
            {
              "text" : "In FordDealer - <code>private Car sellCar()</code>",
              "status" : "INCORRECT"
            },
            {
              "text" : "In FordDealer - <code>protected Car sellCar()</code>",
              "status" : "CORRECT"
            },
            {
              "text" : "In FordDealer - <code>public Car sellCar()</code>",
              "status" : "CORRECT"
            },
            {
              "text" : "In FordDealer - <code>protected Object sellCar()</code>",
              "status" : "INCORRECT"
            },
            {
              "text" : "In Dealer - <code>protected FordBronco sellCar()</code>",
              "status" : "INCORRECT"
            },
            {
              "text" : "In FordDealer - <code>protected FordBronco sellCar()</code>",
              "status" : "CORRECT"
            }
          ],
          "isMultipleChoice" : true,
          "name" : "2.3",
          "files" : {
            "src/Main.java" : {
              "name" : "src/Main.java",
              "placeholders" : [ ],
              "is_visible" : true,
              "text" : "public class Main {\n   public static void main(String[] args) {\n      // Write your solution here\n   }\n}"
            },
            "src/FordBronco.java" : {
              "name" : "src/FordBronco.java",
              "placeholders" : [ ],
              "is_visible" : true,
              "text" : "public class FordBronco extends Car {\n    @Override\n    public void goes() {\n        System.out.println(\"VROOM\");\n    }\n}\n"
            },
            "src/Car.java" : {
              "name" : "src/Car.java",
              "placeholders" : [ ],
              "is_visible" : true,
              "text" : "public class Car {\n    public void goes() {\n        System.out.println(\"Vroom\");\n    }\n}\n"
            },
            "src/Dealer.java" : {
              "name" : "src/Dealer.java",
              "placeholders" : [ ],
              "is_visible" : true,
              "text" : "public class Dealer {\n\n    // ...\n\n    protected Car sellCar() {\n        return new Car();\n    }\n}\n"
            },
            "src/FordDealer.java" : {
              "name" : "src/FordDealer.java",
              "placeholders" : [ ],
              "is_visible" : true,
              "text" : "public class FordDealer extends Dealer {\n\n}\n"
            }
          },
          "description_text" : "<html>\n<head>\n    <style type =\"text/css\">\n       .footer{\n           position: fixed;\n           text-align: left;\n           line-height: 1.5;\n           bottom: 0px;\n           left: 5px;\n           width: 100%;\n       }\n        </style>\n    <style type =\"text/css\">\n       .body {\n           padding-bottom: 200px;\n       }\n    </style>\n</head>\n<body>\n<div class=\"body\">\n    <h1>Lab 7 - Polymorphism</h1>\n    <p>Authors: <strong>Martin Klamrowski</strong>, <strong>Cristina Ruiz Martin</strong></p>\n    <p>Relevant textbook reading - <strong>Chapter 1, 7</strong> (The Object Oriented Thought Process)</p>\n    <h3>~2.0 Method Overriding~</h3>\n    <p>\n        As mentioned in Lab 6, polymorphism in Java can be achieved by overriding and overloading methods. This section\n        will take a close look at method overriding.\n    </p>\n    <h3>~Task 2.3~</h3>\n    <p>\n        You may have noticed we have started using the <code>@Override</code> annotation above overridden methods. This\n        is not always necessary (depending on the compiler it may be), but in general it is good to add because\n        it tells the compiler that the method below is intended to override another method. This is a foolproof way to\n        actually ensure that a method is properly overridden.\n    </p>\n    <p>\n        The rules for overriding in Java are as follows:\n    </p>\n    <ul>\n        <li>\n            The overriding method must have the same return type (it can also use a subtype of the overridden method's\n            return type, called covariant returns).\n        </li>\n        <li>\n            The overriding method must take the same arguments and have the same name.\n        </li>\n        <li>\n            The overriding method cannot use a more restrictive access specifier.\n        </li>\n        <li>\n            Method overriding can only be done by a subclass on methods from superclasses.\n        </li>\n    </ul>\n    <p>\n        Answer the MC question below.\n    </p>\n</div>\n\n</body>\n<div class=\"footer\">\n    <p>\n        <strong>Question:</strong> Given the classes included with this task, which of the\n        following method signatures are valid method overrides of <code>Dealer.sellCar()</code>?\n    </p>\n</div>\n\n</html>",
          "description_format" : "HTML",
          "feedback_link" : {
            "link_type" : "STEPIK"
          },
          "task_type" : "choice"
        },
        {
          "name" : "2.4",
          "files" : {
            "src/Main.java" : {
              "name" : "src/Main.java",
              "placeholders" : [ ],
              "is_visible" : true,
              "text" : "public class Main {\n   public static void main(String[] args) {\n\n      Car c = new Car(\"batmobile\", 1000000, 90);\n\n      System.out.println(c.toString());\n   }\n}"
            },
            "test/output.txt" : {
              "name" : "test/output.txt",
              "placeholders" : [ ],
              "is_visible" : false,
              "text" : "class Car batmobile 1000000.0 90.0\n"
            },
            "src/Car.java" : {
              "name" : "src/Car.java",
              "placeholders" : [
                {
                  "offset" : 556,
                  "length" : 10,
                  "possible_answer" : "@Override\n    public String toString() {\n        return this.getClass().toString() +\n                \" \" + getStyle() +\n                \" \" + getPrice() +\n                \" \" + getFuelEconomy();\n    }",
                  "placeholder_text" : "/* TODO */"
                }
              ],
              "is_visible" : true,
              "text" : "public class Car {\n\n    private final String style;\n    private final double price;\n    private final double fuelEconomy;\n\n    public Car(String style, double price, double fuelEconomy) {\n        this.style = style;\n        this.price = price;\n        this.fuelEconomy = fuelEconomy;\n    }\n\n    public String getStyle() {\n        return style;\n    }\n\n    public double getPrice() {\n        return price;\n    }\n\n    public double getFuelEconomy() {\n        return fuelEconomy;\n    }\n\n    public void goes() {\n        System.out.println(\"Vroom\");\n    }\n\n    /* TODO */\n}\n"
            }
          },
          "description_text" : "<html>\n<head>\n    <style type =\"text/css\">\n       .footer{\n           position: fixed;\n           text-align: left;\n           line-height: 1.5;\n           bottom: 0px;\n           left: 5px;\n           width: 100%;\n       }\n        </style>\n    <style type =\"text/css\">\n       .body {\n           padding-bottom: 200px;\n       }\n    </style>\n</head>\n<body>\n<div class=\"body\">\n    <h1>Lab 7 - Polymorphism</h1>\n    <p>Authors: <strong>Martin Klamrowski</strong>, <strong>Cristina Ruiz Martin</strong></p>\n    <p>Relevant textbook reading - <strong>Chapter 1, 7</strong> (The Object Oriented Thought Process)</p>\n    <h3>~2.0 Method Overriding~</h3>\n    <p>\n        As mentioned in Lab 6, polymorphism in Java can be achieved by overriding and overloading methods. This section\n        will take a close look at method overriding.\n    </p>\n    <h3>~Task 2.4~</h3>\n    <p>\n        It is sometimes useful to override built-in methods. One such method is the <code>Object.toString()</code>\n        method.\n    </p>\n    <p>\n        In the case of <code>Car</code>, we do not need both a <code>Car.toString()</code> and a\n        <code>Car.printCar()</code> method. We can just override <code>Object.toString()</code>.\n    </p>\n    <p>\n        Given the <code>Car</code> object in <code>Main.java</code>, make the required additions to the <code>Car</code>\n        class such that the following output is produced.\n    </p>\n    <p>\n        <code>\n            <br>\n            class Car batmobile 1000000.0 90.0\n        </code>\n    </p>\n</div>\n\n</body>\n<!--<div class=\"footer\">-->\n<!--    <p>-->\n<!--        <strong>Question:</strong> Given the classes included with this task, which of the-->\n<!--        following method signatures are valid method overrides of <code>Dealer.sellCar()</code>?-->\n<!--    </p>-->\n<!--</div>-->\n\n</html>",
          "description_format" : "HTML",
          "feedback_link" : {
            "link_type" : "STEPIK"
          },
          "task_type" : "output"
        }
      ],
      "type" : "lesson"
    },
    {
      "title" : "3.0 Method Overloading",
      "task_list" : [
        {
          "name" : "3.1",
          "files" : {
            "test/output.txt" : {
              "name" : "test/output.txt",
              "placeholders" : [ ],
              "is_visible" : false,
              "text" : "skis|KiaRio\nYou really shouldn't.\n|123456\n"
            },
            "src/Car.java" : {
              "name" : "src/Car.java",
              "placeholders" : [ ],
              "is_visible" : true,
              "text" : "public class Car {\n\n    private String cargo = \"\";\n\n    public void goes() {\n        System.out.println(\"Vroom\");\n    }\n\n    /**\n     * A Car can take 1 item as cargo.\n     */\n    public boolean loadUp(String cargo) {\n        if (this.cargo.equals(\"\")) {\n            this.cargo = cargo;\n            return true;\n        }\n        return false;\n    }\n\n    public String getCargo() {\n        return cargo;\n    }\n}\n"
            },
            "src/FordBronco.java" : {
              "name" : "src/FordBronco.java",
              "placeholders" : [ ],
              "is_visible" : true,
              "text" : "public class FordBronco extends Car {\n\n    private KiaRio tow = null;\n\n    @Override\n    public void goes() {\n        System.out.println(\"VROOM\");\n    }\n\n    /**\n     * A FordBronco can tow a KiaRio.\n     */\n    public boolean loadUp(KiaRio k) {\n        if (tow == null) {\n            tow = k;\n            return true;\n        }\n        return false;\n    }\n\n    /**\n     * A FordBronco can take cargo and tow a KiaRio.\n     */\n    public boolean loadUp(String cargo, KiaRio k) {\n        return super.loadUp(cargo) && loadUp(k);\n    }\n\n    @Override\n    public String getCargo() {\n        return super.getCargo() + \"|\" + ((tow == null) ? \"\" : \"KiaRio\");\n    }\n}\n"
            },
            "src/KiaRio.java" : {
              "name" : "src/KiaRio.java",
              "placeholders" : [ ],
              "is_visible" : true,
              "text" : "public class KiaRio extends Car {\n    @Override\n    public void goes() {\n        System.out.println(\"Clunk\");\n    }\n\n    /**\n     * You really shouldn't.\n     */\n    public boolean loadUp(String cargo) {\n        return false;\n    }\n\n    @Override\n    public String getCargo() {\n        return \"You really shouldn't.\";\n    }\n}\n"
            },
            "src/Main.java" : {
              "name" : "src/Main.java",
              "placeholders" : [
                {
                  "offset" : 215,
                  "length" : 10,
                  "possible_answer" : "s.loadUp(\"123456\");\n      bronco.loadUp(\"skis\", rio);\n      rio.loadUp(\"backpack\");",
                  "placeholder_text" : "/* TODO */"
                }
              ],
              "is_visible" : true,
              "text" : "public class Main {\n   public static void main(String[] args) {\n\n      FordBronco bronco = new FordBronco();\n      KiaRio rio = new KiaRio();\n      TeslaS s = new TeslaS();\n\n      // write your solution here\n\n      /* TODO */\n\n      System.out.println(bronco.getCargo());\n      System.out.println(rio.getCargo());\n      System.out.println(s.getCargo());\n   }\n}"
            },
            "src/TeslaS.java" : {
              "name" : "src/TeslaS.java",
              "placeholders" : [ ],
              "is_visible" : true,
              "text" : "public class TeslaS extends Car {\n\n    private String lawyersNumber = \"\";\n\n    @Override\n    public void goes() {\n        System.out.println(\"\");\n    }\n\n    /**\n     * A TeslaS can take extra cargo in the form of a String.\n     */\n    public boolean loadUp(String lawyersNumber) {\n        if (this.lawyersNumber.equals(\"\")) {\n            this.lawyersNumber = lawyersNumber;\n            return true;\n        }\n        return false;\n    }\n\n    /**\n     * A TeslaS can take extra cargo in the form of a String and cargo.\n     */\n    public boolean loadUp(String cargo, String lawyersNumber) {\n        return super.loadUp(cargo) && loadUp(lawyersNumber);\n    }\n\n    @Override\n    public String getCargo() {\n        return super.getCargo() + \"|\" + lawyersNumber;\n    }\n}\n"
            }
          },
          "description_text" : "<html>\n<head>\n    <style type =\"text/css\">\n       .footer{\n           position: fixed;\n           text-align: left;\n           line-height: 1.5;\n           bottom: 0px;\n           left: 5px;\n           width: 100%;\n       }\n        </style>\n    <style type =\"text/css\">\n       .body {\n           padding-bottom: 200px;\n       }\n    </style>\n</head>\n<body>\n<div class=\"body\">\n    <h1>Lab 7 - Polymorphism</h1>\n    <p>Authors: <strong>Martin Klamrowski</strong>, <strong>Cristina Ruiz Martin</strong></p>\n    <p>Relevant textbook reading - <strong>Chapter 1, 7</strong> (The Object Oriented Thought Process)</p>\n    <h3>~3.0 Method Overloading~</h3>\n    <p>\n        As mentioned in Lab 6, polymorphism in Java can be achieved by overriding and overloading methods. This section\n        will take a close look at method overloading.\n    </p>\n    <h3>~Task 3.1~</h3>\n    <p>\n        Method overloading is the other way to achieve polymorphism in Java. In this task, we have the car classes\n        from the previous section. Method overloading is useful when some function of a class should be able to use\n        different types of data.\n    </p>\n    <p>\n        For example, imagine a class <code>Bear</code> that has a method <code>eat()</code>. <code>Bear</code> might eat\n        <code>Honey</code>, or it might eat <code>Salmon</code>. It is unlikely that <code>Honey</code> and\n        <code>Salmon</code> share the same inheritance tree (unless you go all the way back to <code>Object</code>).\n        And so, there are three possible solutions to this problem:\n    </p>\n    <ol>\n        <li>\n            Make one method with a signature of - <code>eat(Object o)</code>\n        </li>\n        <li>\n            Make two methods with signatures of - <code>eat(Honey h)</code> and <code>eat(Salmon s)</code>\n        </li>\n        <li>\n            Make two methods with signatures of - <code>eatHoney(Honey h)</code> and <code>eatSalmon(Salmon s)</code>\n        </li>\n    </ol>\n    <p>\n        Which solution do you prefer?\n    </p>\n    <p>\n        Complete and/or modify <code>Main.java</code> in such a way that the following output is produced.\n    </p>\n    <p>\n        <code>\n            <br>\n            skis|KiaRio<br>\n            You really shouldn't.<br>\n            |123456<br>\n        </code>\n    </p>\n</div>\n\n</body>\n<!--<div class=\"footer\">-->\n<!--    <p>-->\n<!--        <strong>Question:</strong> What needs to be added to <code>FordBronco.java</code> so that FordBronco goes-->\n<!--        \"VROOM\" instead of \"Vroom\"?-->\n<!--    </p>-->\n<!--</div>-->\n\n</html>",
          "description_format" : "HTML",
          "feedback_link" : {
            "link_type" : "STEPIK"
          },
          "task_type" : "output"
        },
        {
          "choiceOptions" : [
            {
              "text" : "Override",
              "status" : "CORRECT"
            },
            {
              "text" : "Overload",
              "status" : "INCORRECT"
            }
          ],
          "isMultipleChoice" : false,
          "name" : "3.2",
          "files" : {
            "src/Car.java" : {
              "name" : "src/Car.java",
              "placeholders" : [ ],
              "is_visible" : true,
              "text" : "public class Car {\n\n    private String cargo = \"\";\n\n    public void goes() {\n        System.out.println(\"Vroom\");\n    }\n\n    /**\n     * A Car can take 1 item as cargo.\n     */\n    public boolean loadUp(String cargo) {\n        if (this.cargo.equals(\"\")) {\n            this.cargo = cargo;\n            return true;\n        }\n        return false;\n    }\n\n    public String getCargo() {\n        return cargo;\n    }\n}\n"
            },
            "src/FordBronco.java" : {
              "name" : "src/FordBronco.java",
              "placeholders" : [ ],
              "is_visible" : true,
              "text" : "public class FordBronco extends Car {\n\n    private KiaRio tow = null;\n\n    @Override\n    public void goes() {\n        System.out.println(\"VROOM\");\n    }\n\n    /**\n     * A FordBronco can tow a KiaRio.\n     */\n    public boolean loadUp(KiaRio k) {\n        if (tow == null) {\n            tow = k;\n            return true;\n        }\n        return false;\n    }\n\n    /**\n     * A FordBronco can take cargo and tow a KiaRio.\n     */\n    public boolean loadUp(String cargo, KiaRio k) {\n        return super.loadUp(cargo) && loadUp(k);\n    }\n\n    @Override\n    public String getCargo() {\n        return super.getCargo() + \"|\" + ((tow == null) ? \"\" : \"KiaRio\");\n    }\n}\n"
            },
            "src/KiaRio.java" : {
              "name" : "src/KiaRio.java",
              "placeholders" : [ ],
              "is_visible" : true,
              "text" : "public class KiaRio extends Car {\n    @Override\n    public void goes() {\n        System.out.println(\"Clunk\");\n    }\n\n    /**\n     * You really shouldn't.\n     */\n    public boolean loadUp(String cargo) {\n        return false;\n    }\n\n    @Override\n    public String getCargo() {\n        return \"You really shouldn't.\";\n    }\n}\n"
            },
            "src/Main.java" : {
              "name" : "src/Main.java",
              "placeholders" : [ ],
              "is_visible" : true,
              "text" : "public class Main {\n   public static void main(String[] args) {\n\n      FordBronco bronco = new FordBronco();\n      KiaRio rio = new KiaRio();\n      TeslaS s = new TeslaS();\n\n      // write your solution here\n\n      System.out.println(bronco.getCargo());\n      System.out.println(rio.getCargo());\n      System.out.println(s.getCargo());\n   }\n}"
            },
            "src/TeslaS.java" : {
              "name" : "src/TeslaS.java",
              "placeholders" : [ ],
              "is_visible" : true,
              "text" : "public class TeslaS extends Car {\n\n    private String lawyersNumber = \"\";\n\n    @Override\n    public void goes() {\n        System.out.println(\"\");\n    }\n\n    /**\n     * A TeslaS can take extra cargo in the form of a String.\n     */\n    public boolean loadUp(String lawyersNumber) {\n        if (this.lawyersNumber.equals(\"\")) {\n            this.lawyersNumber = lawyersNumber;\n            return true;\n        }\n        return false;\n    }\n\n    /**\n     * A TeslaS can take extra cargo in the form of a String and cargo.\n     */\n    public boolean loadUp(String cargo, String lawyersNumber) {\n        return super.loadUp(cargo) && loadUp(lawyersNumber);\n    }\n\n    @Override\n    public String getCargo() {\n        return super.getCargo() + \"|\" + lawyersNumber;\n    }\n}\n"
            }
          },
          "description_text" : "<html>\n<head>\n    <style type =\"text/css\">\n       .footer{\n           position: fixed;\n           text-align: left;\n           line-height: 1.5;\n           bottom: 0px;\n           left: 5px;\n           width: 100%;\n       }\n        </style>\n    <style type =\"text/css\">\n       .body {\n           padding-bottom: 200px;\n       }\n    </style>\n</head>\n<body>\n<div class=\"body\">\n    <h1>Lab 7 - Polymorphism</h1>\n    <p>Authors: <strong>Martin Klamrowski</strong>, <strong>Cristina Ruiz Martin</strong></p>\n    <p>Relevant textbook reading - <strong>Chapter 1, 7</strong> (The Object Oriented Thought Process)</p>\n    <h3>~3.0 Method Overloading~</h3>\n    <p>\n        As mentioned in Lab 6, polymorphism in Java can be achieved by overriding and overloading methods. This section\n        will take a close look at method overloading.\n    </p>\n    <h3>~Task 3.2~</h3>\n    <p>\n        Answer the MC question below.\n    </p>\n</div>\n\n</body>\n<div class=\"footer\">\n    <p>\n        <strong>Question:</strong> Is the <strong>first</strong> <code>loadUp()</code> method in\n        <code>TeslaS.java</code> a method override or overload?\n    </p>\n</div>\n\n</html>",
          "description_format" : "HTML",
          "feedback_link" : {
            "link_type" : "STEPIK"
          },
          "task_type" : "choice"
        },
        {
          "choiceOptions" : [
            {
              "text" : "In Car - <code>private boolean loadUp(int i)</code>",
              "status" : "CORRECT"
            },
            {
              "text" : "In Car - <code>protected String loadUp()</code>",
              "status" : "CORRECT"
            },
            {
              "text" : "In FordBronco - <code>public boolean loadUp(int i)</code>",
              "status" : "CORRECT"
            },
            {
              "text" : "In FordBronco - <code>protected String loadUp(int i)</code>",
              "status" : "CORRECT"
            },
            {
              "text" : "In FordBronco - <code>public boolean loadUp(String s, int i)</code>",
              "status" : "CORRECT"
            },
            {
              "text" : "In FordBronco - <code>public void loadUp(Object o)</code>",
              "status" : "CORRECT"
            }
          ],
          "isMultipleChoice" : true,
          "name" : "3.3",
          "files" : {
            "src/Car.java" : {
              "name" : "src/Car.java",
              "placeholders" : [ ],
              "is_visible" : true,
              "text" : "public class Car {\n\n    private String cargo = \"\";\n\n    public void goes() {\n        System.out.println(\"Vroom\");\n    }\n\n    /**\n     * A Car can take 1 item as cargo.\n     */\n    public boolean loadUp(String cargo) {\n        if (this.cargo.equals(\"\")) {\n            this.cargo = cargo;\n            return true;\n        }\n        return false;\n    }\n\n    public String getCargo() {\n        return cargo;\n    }\n}\n"
            },
            "src/FordBronco.java" : {
              "name" : "src/FordBronco.java",
              "placeholders" : [ ],
              "is_visible" : true,
              "text" : "public class FordBronco extends Car {\n\n    private KiaRio tow = null;\n\n    @Override\n    public void goes() {\n        System.out.println(\"VROOM\");\n    }\n\n    /**\n     * A FordBronco can tow a KiaRio.\n     */\n    public boolean loadUp(KiaRio k) {\n        if (tow == null) {\n            tow = k;\n            return true;\n        }\n        return false;\n    }\n\n    /**\n     * A FordBronco can take cargo and tow a KiaRio.\n     */\n    public boolean loadUp(String cargo, KiaRio k) {\n        return super.loadUp(cargo) && loadUp(k);\n    }\n\n    @Override\n    public String getCargo() {\n        return super.getCargo() + \"|\" + ((tow == null) ? \"\" : \"KiaRio\");\n    }\n}\n"
            },
            "src/KiaRio.java" : {
              "name" : "src/KiaRio.java",
              "placeholders" : [ ],
              "is_visible" : true,
              "text" : "public class KiaRio extends Car {\n    @Override\n    public void goes() {\n        System.out.println(\"Clunk\");\n    }\n\n    /**\n     * You really shouldn't.\n     */\n    public boolean loadUp(String cargo) {\n        return false;\n    }\n\n    @Override\n    public String getCargo() {\n        return \"You really shouldn't.\";\n    }\n}\n"
            },
            "src/Main.java" : {
              "name" : "src/Main.java",
              "placeholders" : [ ],
              "is_visible" : true,
              "text" : "public class Main {\n   public static void main(String[] args) {\n\n      FordBronco bronco = new FordBronco();\n      KiaRio rio = new KiaRio();\n      TeslaS s = new TeslaS();\n\n      // write your solution here\n\n      System.out.println(bronco.getCargo());\n      System.out.println(rio.getCargo());\n      System.out.println(s.getCargo());\n   }\n}"
            },
            "src/TeslaS.java" : {
              "name" : "src/TeslaS.java",
              "placeholders" : [ ],
              "is_visible" : true,
              "text" : "public class TeslaS extends Car {\n\n    private String lawyersNumber = \"\";\n\n    @Override\n    public void goes() {\n        System.out.println(\"\");\n    }\n\n    /**\n     * A TeslaS can take extra cargo in the form of a String.\n     */\n    public boolean loadUp(String lawyersNumber) {\n        if (this.lawyersNumber.equals(\"\")) {\n            this.lawyersNumber = lawyersNumber;\n            return true;\n        }\n        return false;\n    }\n\n    /**\n     * A TeslaS can take extra cargo in the form of a String and cargo.\n     */\n    public boolean loadUp(String cargo, String lawyersNumber) {\n        return super.loadUp(cargo) && loadUp(lawyersNumber);\n    }\n\n    @Override\n    public String getCargo() {\n        return super.getCargo() + \"|\" + lawyersNumber;\n    }\n}\n"
            }
          },
          "description_text" : "<html>\n<head>\n    <style type =\"text/css\">\n       .footer{\n           position: fixed;\n           text-align: left;\n           line-height: 1.5;\n           bottom: 0px;\n           left: 5px;\n           width: 100%;\n       }\n        </style>\n    <style type =\"text/css\">\n       .body {\n           padding-bottom: 200px;\n       }\n    </style>\n</head>\n<body>\n<div class=\"body\">\n    <h1>Lab 7 - Polymorphism</h1>\n    <p>Authors: <strong>Martin Klamrowski</strong>, <strong>Cristina Ruiz Martin</strong></p>\n    <p>Relevant textbook reading - <strong>Chapter 1, 7</strong> (The Object Oriented Thought Process)</p>\n    <h3>~3.0 Method Overloading~</h3>\n    <p>\n        As mentioned in Lab 6, polymorphism in Java can be achieved by overriding and overloading methods. This section\n        will take a close look at method overloading.\n    </p>\n    <h3>~Task 3.3~</h3>\n    <p>\n        Method overloading is a way to achieve <strong>compile-time polymorphism</strong> or\n        <strong>static binding</strong>.This means method calls are resolved at compile-time by the Java Compiler.\n    </p>\n    <p>\n        Method overloading can be done in any of the following ways:\n    </p>\n    <ul>\n        <li>\n            Varying the <strong>number</strong> of arguments.\n        </li>\n        <li>\n            Varying the <strong>types</strong> of the arguments.\n        </li>\n        <li>\n            Changing the method <strong>return type</strong> <strong><i>ONLY</i></strong> if one of the above has also\n            been done.\n        </li>\n        <li>\n            Unlike method overriding, overloading can be done on methods within the same class, and also superclass\n            methods.\n        </li>\n    </ul>\n    <p>\n        Answer the MC question below.\n    </p>\n</div>\n\n</body>\n<div class=\"footer\">\n    <p>\n        <strong>Question:</strong> Given the classes included with this task, which of the\n        following method signatures are valid method overloads of the method <code>loadUp()</code> implemented in the\n        Car class (assuming only the signature under consideration is added at a time)?\n    </p>\n</div>\n\n</html>",
          "description_format" : "HTML",
          "feedback_link" : {
            "link_type" : "STEPIK"
          },
          "task_type" : "choice"
        }
      ],
      "type" : "lesson"
    },
    {
      "title" : "4.0 Generics",
      "task_list" : [
        {
          "choiceOptions" : [
            {
              "text" : "Parameterize <code>broncos</code> and <code>it</code> with <code>FordBronco</code>, in that way the compiler will see that <code>cars</code> is not a suitable collection to pass to the method. We could then remove the cast to <code>FordBronco</code>.",
              "status" : "CORRECT"
            },
            {
              "text" : "Parameterize <code>broncos</code> and <code>it</code> with <code>Car</code>, in this way the compiler will implicitly cast all of the elements in <code>broncos</code> to Car objects. Then, if we remove the cast to <code>FordBronco</code>, the compiler would be able to detect that we are using Car objects and not FordBronco objects specifically.",
              "status" : "CORRECT"
            },
            {
              "text" : "It depends on what the purpose of the method is. In general, all collections should be parameterized so the compiler knows what element types to expect and run-time exceptions can be avoided.",
              "status" : "CORRECT"
            }
          ],
          "isMultipleChoice" : true,
          "name" : "4.1",
          "files" : {
            "src/Main.java" : {
              "name" : "src/Main.java",
              "placeholders" : [ ],
              "is_visible" : true,
              "text" : "import java.util.ArrayList;\nimport java.util.Arrays;\nimport java.util.Iterator;\nimport java.util.List;\n\npublic class Main {\n\n   public static void method(List broncos) {\n      for (Iterator it = broncos.iterator(); it.hasNext();) {\n         ((FordBronco)it.next()).loadUp(new KiaRio());\n      }\n   }\n\n\n   public static void main(String[] args) {\n\n      List<Car> cars = new ArrayList<>(Arrays.asList(new FordBronco(), new FordBronco(), new KiaRio()));\n\n      method(cars);\n   }\n}"
            },
            "src/Car.java" : {
              "name" : "src/Car.java",
              "placeholders" : [ ],
              "is_visible" : true,
              "text" : "public class Car {\n\n    private String cargo = \"\";\n\n    public void goes() {\n        System.out.println(\"Vroom\");\n    }\n\n    /**\n     * A Car can take 1 item as cargo.\n     */\n    public boolean loadUp(String cargo) {\n        if (this.cargo.equals(\"\")) {\n            this.cargo = cargo;\n            return true;\n        }\n        return false;\n    }\n\n    public String getCargo() {\n        return cargo;\n    }\n}\n"
            },
            "src/FordBronco.java" : {
              "name" : "src/FordBronco.java",
              "placeholders" : [ ],
              "is_visible" : true,
              "text" : "public class FordBronco extends Car {\n\n    private KiaRio tow = null;\n\n    @Override\n    public void goes() {\n        System.out.println(\"VROOM\");\n    }\n\n    /**\n     * A FordBronco can tow a KiaRio.\n     */\n    public boolean loadUp(KiaRio k) {\n        if (tow == null) {\n            tow = k;\n            return true;\n        }\n        return false;\n    }\n\n    /**\n     * A FordBronco can take cargo and tow a KiaRio.\n     */\n    public boolean loadUp(String cargo, KiaRio k) {\n        return super.loadUp(cargo) && loadUp(k);\n    }\n\n    @Override\n    public String getCargo() {\n        return super.getCargo() + \"|\" + ((tow == null) ? \"\" : \"KiaRio\");\n    }\n}\n"
            },
            "src/KiaRio.java" : {
              "name" : "src/KiaRio.java",
              "placeholders" : [ ],
              "is_visible" : true,
              "text" : "public class KiaRio extends Car {\n    @Override\n    public void goes() {\n        System.out.println(\"Clunk\");\n    }\n\n    /**\n     * You really shouldn't.\n     */\n    public boolean loadUp(String cargo) {\n        return false;\n    }\n\n    @Override\n    public String getCargo() {\n        return \"You really shouldn't.\";\n    }\n}\n"
            },
            "src/TeslaS.java" : {
              "name" : "src/TeslaS.java",
              "placeholders" : [ ],
              "is_visible" : true,
              "text" : "public class TeslaS extends Car {\n\n    private String lawyersNumber = \"\";\n\n    @Override\n    public void goes() {\n        System.out.println(\"\");\n    }\n\n    /**\n     * A TeslaS can take extra cargo in the form of a String.\n     */\n    public boolean loadUp(String lawyersNumber) {\n        if (this.lawyersNumber.equals(\"\")) {\n            this.lawyersNumber = lawyersNumber;\n            return true;\n        }\n        return false;\n    }\n\n    /**\n     * A TeslaS can take extra cargo in the form of a String and cargo.\n     */\n    public boolean loadUp(String cargo, String lawyersNumber) {\n        return super.loadUp(cargo) && loadUp(lawyersNumber);\n    }\n\n    @Override\n    public String getCargo() {\n        return super.getCargo() + \"|\" + lawyersNumber;\n    }\n}\n"
            }
          },
          "description_text" : "<html>\n<head>\n    <style type =\"text/css\">\n       .footer{\n           position: fixed;\n           text-align: left;\n           line-height: 1.5;\n           bottom: 0px;\n           left: 5px;\n           width: 100%;\n       }\n        </style>\n    <style type =\"text/css\">\n       .body {\n           padding-bottom: 200px;\n       }\n    </style>\n</head>\n<body>\n<div class=\"body\">\n    <h1>Lab 7 - Polymorphism</h1>\n    <p>Authors: <strong>Martin Klamrowski</strong>, <strong>Cristina Ruiz Martin</strong></p>\n    <p>Relevant textbook reading - <strong>Chapter 1, 7</strong> (The Object Oriented Thought Process)</p>\n    <h3>~4.0 Generics~</h3>\n    <p>\n        This section will cover the basics of parameterization, parameterized types, generic types and generics in Java.\n    </p>\n    <h3>~Task 4.1~</h3>\n    <p>\n        Up until now, we have often seen a collection, such as an <code>ArrayList</code>, parameterized with some data\n        type upon instantiation, as so: <code>ArrayList&lt;String&gt;</code>. The type parameters are specified using angle\n        brackets (<code><></code>), otherwise known as the diamond operator. So what is going on here?\n    </p>\n    <p>\n        If you take a peek at the Java code for ArrayList, LinkedList, you will see they\n        are declared with some \"type\" E. E is a placeholder for a type parameter! With\n        <code>public class ArrayList&lt;E&gt; ...</code>, we are saying that the class is generic, and is not expecting\n        a specific type; the type is variable! We must then specify the type when we instantiate a new ArrayList:\n        <code>new ArrayList&lt;String&gt;();</code>.\n    </p>\n    <p>\n        Consider the code in <code>Main.java</code>. Despite what you might think, this code would compile properly!\n        This is because the compiler does not know if the type-cast to a <code>FordBronco</code> (line 10) is\n        permissible or not, because we have not told it what element type to expect in the List (line 8). Parameterized\n        types allow us to keep our generic classes, and also tell the compiler what type to expect so the correct casts\n        can be made under the hood, and we don't get unexpected runtime errors. Otherwise known as\n        <i>compile-time type safety</i>. Run <code>Main.java</code> as it is now and see what happens.\n    </p>\n</div>\n\n</body>\n<div class=\"footer\">\n    <p>\n        <strong>Question:</strong> Given the code in <code>Main.java</code>, what could you change to detect the\n        problem with the code? I.e., how can we help the compiler find the problem with the code?\n    </p>\n</div>\n\n</html>",
          "description_format" : "HTML",
          "feedback_link" : {
            "link_type" : "STEPIK"
          },
          "task_type" : "choice"
        },
        {
          "name" : "4.2",
          "files" : {
            "src/Main.java" : {
              "name" : "src/Main.java",
              "placeholders" : [ ],
              "is_visible" : true,
              "text" : "public class Main {\n\n   // no touch\n   public static int generateHash(String data) {\n      int hash = (int) (2004L ^ (2004L >>> 32));\n      hash = 31 * hash + data.hashCode();\n      return hash;\n   }\n\n   public static void main(String[] args) {\n\n      // do not modify ... make the errors go away by editing Block.java\n      Block<String> b1 = new Block<>(generateHash(\"450570001234\"), \"450570001234\");\n      Block<Double> b2 = new Block<>(generateHash(String.valueOf(45.0)), 45.0);\n      Block<Boolean> b3 = new Block<>(generateHash(String.valueOf(false)), false);\n\n      b2.setNextBlock(b1);\n      b3.setNextBlock(b2);\n\n      Block<?> block = b3;\n      while (block != null) {\n         System.out.println(block.getData());\n         block = block.getNextBlock();\n      }\n   }\n}"
            },
            "test/output.txt" : {
              "name" : "test/output.txt",
              "placeholders" : [ ],
              "is_visible" : false,
              "text" : "false\n45.0\n450570001234\n"
            },
            "src/Block.java" : {
              "name" : "src/Block.java",
              "placeholders" : [
                {
                  "offset" : 123,
                  "length" : 24,
                  "possible_answer" : "public Block(int hash, T data) {\n        this.hash = hash;\n        this.data = data;\n    }",
                  "placeholder_text" : "/* TODO : CONSTRUCTOR */"
                },
                {
                  "offset" : 153,
                  "length" : 22,
                  "possible_answer" : "public T getData() {\n        return this.data;\n    }",
                  "placeholder_text" : "/* TODO : getData() */"
                },
                {
                  "offset" : 181,
                  "length" : 27,
                  "possible_answer" : "public void setNextBlock(Block<?> nextBlock) {\n        this.nextBlock = nextBlock;\n    }",
                  "placeholder_text" : "/* TODO : setNextBlock() */"
                },
                {
                  "offset" : 214,
                  "length" : 22,
                  "possible_answer" : "public int getHash() {\n        return this.hash;\n    }",
                  "placeholder_text" : "/* TODO : getHash() */"
                },
                {
                  "offset" : 242,
                  "length" : 27,
                  "possible_answer" : "public Block<?> getNextBlock() {\n        return this.nextBlock;\n    }",
                  "placeholder_text" : "/* TODO : getNextBlock() */"
                }
              ],
              "is_visible" : true,
              "text" : "public class Block<T> {\n\n    private final int hash;\n    private final T data;\n    private Block<?> nextBlock = null;\n\n    /* TODO : CONSTRUCTOR */\n\n    /* TODO : getData() */\n\n    /* TODO : setNextBlock() */\n\n    /* TODO : getHash() */\n\n    /* TODO : getNextBlock() */\n}"
            }
          },
          "description_text" : "<html>\n<head>\n    <style type =\"text/css\">\n       .footer{\n           position: fixed;\n           text-align: left;\n           line-height: 1.5;\n           bottom: 0px;\n           left: 5px;\n           width: 100%;\n       }\n        </style>\n    <style type =\"text/css\">\n       .body {\n           padding-bottom: 200px;\n       }\n    </style>\n</head>\n<body>\n<div class=\"body\">\n    <h1>Lab 7 - Polymorphism</h1>\n    <p>Authors: <strong>Martin Klamrowski</strong>, <strong>Cristina Ruiz Martin</strong></p>\n    <p>Relevant textbook reading - <strong>Chapter 1, 7</strong> (The Object Oriented Thought Process)</p>\n    <h3>~4.0 Generics~</h3>\n    <p>\n        This section will cover the basics of parameterization, parameterized types, generic types and generics in Java.\n    </p>\n    <h3>~Task 4.2~</h3>\n    <p>\n        As an aside, please note that the information on generics provided in this lab is relatively narrow. There are\n        more ways to incorporate generics and parameterization in Java, such as\n        <a href=\"https://docs.oracle.com/javase/tutorial/extra/generics/wildcards.html\">wildcards</a>, multi-generics,\n        bounded generics, and generic methods (<- wow!). These are advanced concepts and should be considered beyond\n        the scope of the course. However, you should understand roughly what is happening when you instantiate a\n        parameterized type like ArrayList.\n    </p>\n    <p>\n        You are going to write a simple generic class now. The file (<code>Block.java</code>) is provided and started\n        for you.\n    </p>\n    <p>\n        Complete <code>Block.java</code> such that the errors in <code>Main.java</code> go away, and the correct output\n        is produced (you get \"Correct\" when pressing the Check button).\n    </p>\n    <p>\n        If it is not clear from the code, you need to implement methods (and a constructor) accordingly in the Block\n        class. In addition to the shown methods, you need a <code>getHash()</code> method to return the Block's\n        <code>hash</code>.\n    </p>\n    <p>\n        A brief explanation of some strange things you likely noticed in <code>Main.java</code> and\n        <code>Block.java</code>:\n    </p>\n    <ul>\n        <li>\n            <code>&lt;T&gt;</code> : Remember, this is just a placeholder. We can call our parameter type anything. But\n            by convention we use one of E, T, K, V. We have seen E in ArrayList, which denotes we have a parameterized\n            element type (collection). T denotes an object type. Our class is holding a single object of variable type,\n            so we use T.\n        </li>\n        <li>\n            <code>&lt;?&gt;</code> : This is a wildcard type! We are saying that we do not know what type to expect.\n            Why do we need it? We need it because a Block can hold any type of object, and there is no way for us to\n            easily determine what the next Block is parameterized to.\n            Note: you will need to use it in your solution to <code>Block.java</code>.\n        </li>\n        <li>\n            <code>2004L</code> : If you are curious, this is just a long literal.\n        </li>\n    </ul>\n\n</div>\n\n</body>\n<!--<div class=\"footer\">-->\n<!--    <p>-->\n<!--        <strong>Question:</strong> Given the code in <code>Main.java</code>, what could you change to detect the-->\n<!--        problem with the code? I.e., how can we help the compiler find the problem with the code?-->\n<!--    </p>-->\n<!--</div>-->\n\n</html>",
          "description_format" : "HTML",
          "feedback_link" : {
            "link_type" : "STEPIK"
          },
          "task_type" : "output"
        }
      ],
      "type" : "lesson"
    },
    {
      "title" : "5.0 Lab Problem",
      "task_list" : [
        {
          "name" : "5.1",
          "files" : {
            "src/Main.java" : {
              "name" : "src/Main.java",
              "placeholders" : [ ],
              "is_visible" : true,
              "text" : "import java.util.ArrayList;\nimport java.util.Arrays;\nimport java.util.List;\n\npublic class Main {\n   public static void main(String[] args) {\n      // example\n      List<Car> cars = new ArrayList<>(\n              Arrays.asList(\n                      new FordBronco(\"sport\", 50000, 8),\n                      new FordBronco(\"turbo\", 58000, 10),\n                      new FordBronco(\"turbo-sport\", 55000, 9.2),\n                      new TeslaS(\"sedan\", 65000, 0),\n                      new TeslaS(\"sedan\", 68000, 0),\n                      new TeslaS(\"sport\", 75000, 0),\n                      new TeslaS(\"sport\", 70000, 0),\n                      new KiaRio(\"hatchback\", 18000, 5.1),\n                      new KiaRio(\"hatchback\", 15000, 5.8),\n                      new KiaRio(\"sedan\", 18000, 5.1),\n                      new KiaRio(\"sedan\", 19000, 5.3),\n                      new KiaRio(\"turbo\", 25000, 15.1)\n              )\n      );\n\n      AutoAutoSalesman aas = new AutoAutoSalesman(cars);\n   }\n}"
            },
            "src/Car.java" : {
              "name" : "src/Car.java",
              "placeholders" : [ ],
              "is_visible" : true,
              "text" : "public class Car {\n\n    private final String style;\n    private final double price;\n    private final double fuelEconomy;\n\n    public Car(String style, double price, double fuelEconomy) {\n        this.style = style;\n        this.price = price;\n        this.fuelEconomy = fuelEconomy;\n    }\n\n    public String getStyle() {\n        return style;\n    }\n\n    public double getPrice() {\n        return price;\n    }\n\n    public double getFuelEconomy() {\n        return fuelEconomy;\n    }\n\n    public void goes() {\n        System.out.println(\"Vroom\");\n    }\n\n    @Override\n    public String toString() {\n        return this.getClass().toString() +\n                \" \" + getStyle() +\n                \" \" + getPrice() +\n                \" \" + getFuelEconomy();\n    }\n}\n"
            },
            "src/FordBronco.java" : {
              "name" : "src/FordBronco.java",
              "placeholders" : [ ],
              "is_visible" : true,
              "text" : "public class FordBronco extends Car {\n\n    public FordBronco(String style, double price, double fuelEconomy) {\n        super(style, price, fuelEconomy);\n    }\n\n    @Override\n    public void goes() {\n        System.out.println(\"VROOM\");\n    }\n}\n"
            },
            "src/KiaRio.java" : {
              "name" : "src/KiaRio.java",
              "placeholders" : [ ],
              "is_visible" : true,
              "text" : "public class KiaRio extends Car {\n\n    public KiaRio(String style, double price, double fuelEconomy) {\n        super(style, price, fuelEconomy);\n    }\n\n    @Override\n    public void goes() {\n        System.out.println(\"Clunk\");\n    }\n}\n"
            },
            "src/TeslaS.java" : {
              "name" : "src/TeslaS.java",
              "placeholders" : [ ],
              "is_visible" : true,
              "text" : "public class TeslaS extends Car {\n\n    public TeslaS(String style, double price, double fuelEconomy) {\n        super(style, price, fuelEconomy);\n    }\n\n    @Override\n    public void goes() {\n        System.out.println(\"\");\n    }\n}\n"
            }
          },
          "description_text" : "<html>\n<head>\n    <style type =\"text/css\">\n       .footer{\n           position: fixed;\n           text-align: left;\n           bottom: 0px;\n           left: 5px;\n           width: 100%;\n       }\n    </style>\n    <style type =\"text/css\">\n       .body {\n           padding-bottom: 50px;\n       }\n    </style>\n    <style>\n       .preamble {\n            border: 5px rgb(255, 0, 0) dashed;\n            padding: 5px;\n            display: block;\n       }\n    </style>\n</head>\n<body>\n<div class=\"body\">\n    <h1>Lab 7 - Polymorphism</h1>\n    <p>Authors: <strong>Martin Klamrowski</strong>, <strong>Cristina Ruiz Martin</strong></p>\n    <p>Relevant textbook reading - <strong>Chapter 1, 7</strong> (The Object Oriented Thought Process)</p>\n    <h3>~5.0 Lab Problem~</h3>\n    <div class=\"preamble\">\n        <p>\n            You must submit your solution to this problem on CuLearn.\n            <strong>\n                YOU MUST INCLUDE YOUR FULL NAME AND STUDENT NUMBER IN COMMENTS AT THE\n                HEAD OF EVERY FILE YOU SUBMIT\n            </strong>.\n        </p>\n        <p>\n            Submit <strong><u><i>ONLY</i></u></strong> the files specified at the end of this big red box. The files\n            and code within should be completed according to the specifications made <i>throughout</i> the Lab, and only\n            the final versions should be submitted. I.e., if Task 55.23 tells you to add accessor methods to MyClass,\n            you are required to include that code if MyClass needs to be submitted as part of the solution to the\n            Lab Problem (<strong>unless</strong> a later Task or the Lab Problem state otherwise).\n        </p>\n        <p>\n            Do not include redundant methods. Do not include methods that are not asked for or necessary. Some Lab\n            Problems will not explicitly state you need accessor methods, but these methods may be necessary.\n        </p>\n        <p>\n            Now that you have learned how to document code, you need to document your classes for full marks!\n            <strong>This is applicable from Lab 4 until the end of the course.</strong>\n        </p>\n        <p>\n            If you choose to complete the problem in this environment, the files can be\n            retrieved by right-clicking '5.0 Lab Problem'>Show in Files/Explorer.\n        </p>\n        <p>\n            Submit <strong>AutoAutoSalesman.java</strong> when you are done.\n        </p>\n    </div>\n    <h3>~Problem 5.1~</h3>\n    <p>\n        <strong>Please note that you are not required to implement your own generic classes for this problem.</strong>\n    </p>\n    <p>\n        A Car dealership is attempting to shift their business online and automate part of the job normally performed by\n        people in their sales department. The project has been dubbed the AutoAutoSalesman.\n    </p>\n    <p>\n        Your task is to create a class called AutoAutoSalesman that will:\n    </p>\n    <ul>\n        <li>\n            Keep track of available <code>Car</code> inventory (classes are provided for you).\n        </li>\n        <li>\n            Make car recommendations based on criteria provided by prospective buyers.\n        </li>\n    </ul>\n    <p>\n        AutoAutoSalesman must have the following:\n    </p>\n    <ul>\n        <li>\n            A collection that holds all of the available cars. This collection is passed as the single argument to\n            the only constructor.\n        </li>\n        <li>\n            <p>\n                Auto recommendations can be based on several criteria. The criteria are: <code>pricePoint</code>,\n                <code>priceRange</code>, <code>ecoFriendly</code>, <code>style</code>.\n            </p>\n            <p>\n                Any combination of criteria may be selected by the customer, except <code>pricePoint</code> and\n                <code>priceRange</code>, <strong>these arguments are always provided together</strong>. For example:\n                the customer may\n                select the price (<code>pricePoint</code> and <code>priceRange</code>) and <code>style</code> criteria.\n                The recommendation algorithm would then make recommendations based on only these criteria. Another\n                example: price may be unimportant and the customer only provided <code>ecoFriendly</code>.\n            </p>\n\n        </li>\n        <li>\n            <code>getReco()</code>\n            <ul>\n                <li>\n                    This is the method(s) that will return a collection of Cars meeting the criteria specified in the\n                    arguments.\n                </li>\n                <li>\n                    Cars meeting the provided criteria should be determined as follows:\n                    <ul>\n                        <li>\n                            <code>pricePoint</code>, <code>priceRange</code>: returned Cars must be within\n                            +-(priceRange/2) of the pricePoint. For example: a pricePoint and priceRange of 40000 and\n                            10000 should yield only Cars priced between 35000 and 45000.\n                        </li>\n                        <li>\n                            <code>style</code>: returned Cars must have the same style (String) as the one specified.\n                        </li>\n                        <li>\n                            <code>ecoFriendly</code>: returned Cars must have a <code>fuelEconomy</code>\n                            below 6.0 (litres/100km) if true. If false no preference should be made.\n                        </li>\n                    </ul>\n                </li>\n            </ul>\n        </li>\n    </ul>\n</div>\n</body>\n<!--<div class=\"footer\">-->\n<!--    &lt;!&ndash;<strong>You can run your code here.</strong>&ndash;&gt;-->\n<!--</div>-->\n\n</html>",
          "description_format" : "HTML",
          "feedback_link" : {
            "link_type" : "STEPIK"
          },
          "task_type" : "theory"
        }
      ],
      "type" : "lesson"
    }
  ],
  "additional_files" : [
    {
      "name" : "build.gradle",
      "placeholders" : [ ],
      "is_visible" : true,
      "text" : "buildscript {\n    repositories {\n        mavenCentral()\n    }\n}\n\ndef printOutput(def output) {\n    return tasks.create(\"printOutput\") {\n        for (line in output.toString().readLines()) {\n            println \"#educational_plugin\" + line\n        }\n    }\n}\n\nsubprojects {\n    apply plugin: 'application'\n    apply plugin: 'java'\n\n    sourceCompatibility = 1.8\n\n    repositories {\n        mavenCentral()\n    }\n\n    dependencies {\n        testCompile group: 'junit', name: 'junit', version: '4.12'\n    }\n\n    sourceSets {\n        main {\n            java.srcDir 'src'\n        }\n        test {\n            java.srcDir 'test'\n        }\n    }\n\n    mainClassName = project.hasProperty(\"mainClass\") ? project.getProperty(\"mainClass\") : \"\"\n\n    def runOutput = new ByteArrayOutputStream()\n    tasks.run.setStandardOutput(runOutput)\n    tasks.run.doLast { printOutput(runOutput) }\n}\n\nproject(':util') {\n    dependencies {\n        compile group: 'junit', name: 'junit', version: '4.12'\n    }\n}\n\nconfigure(subprojects.findAll {it.name != 'util'}) {\n  dependencies {\n    compile project(':util').sourceSets.main.output\n    testCompile project(':util').sourceSets.test.output\n  }\n}\n"
    }
  ],
  "version" : 11
}