{
  "summary" : "Lab 5 SYSC2004 (WN2021)",
  "title" : "Lab 5 - Inheritance",
  "authors" : [
    "MK"
  ],
  "programming_language" : "JAVA",
  "language" : "en",
  "course_type" : "PyCharm",
  "items" : [
    {
      "title" : "1.0 Inheritance",
      "task_list" : [
        {
          "choiceOptions" : [
            {
              "text" : "Corona",
              "status" : "CORRECT"
            },
            {
              "text" : "Virus",
              "status" : "INCORRECT"
            }
          ],
          "isMultipleChoice" : false,
          "name" : "1.1",
          "files" : {
            "src/Main.java" : {
              "name" : "src/Main.java",
              "placeholders" : [ ],
              "is_visible" : true,
              "text" : "public class Main {\n   public static void main(String[] args) {\n      // you can experiment here\n   }\n}"
            },
            "src/Corona.java" : {
              "name" : "src/Corona.java",
              "placeholders" : [ ],
              "is_visible" : true,
              "text" : "public class Corona extends Virus {\n\n}\n"
            },
            "src/Virus.java" : {
              "name" : "src/Virus.java",
              "placeholders" : [ ],
              "is_visible" : true,
              "text" : "import java.util.ArrayList;\n\n/**\n * A Virus.\n */\npublic class Virus {\n\n    private String family;\n    private String species;\n    private double r0;\n    private ArrayList<String> symptoms;\n\n    /**\n     * Default constructor.\n     */\n    public Virus() {\n        this(\"\", \"\", 1.0, new ArrayList<String>());\n    }\n\n    /**\n     * Constructor for a Virus.\n     *\n     * @param family    String, the family\n     * @param species   String, the species\n     */\n    public Virus(String family, String species) {\n        this(family, species, 1.0, new ArrayList<String>());\n    }\n\n    /**\n     * Constructor for a Virus.\n     *\n     * @param family    String, the family\n     * @param species   String, the species\n     * @param r0        double, the r0 rate\n     */\n    public Virus(String family, String species, double r0) {\n        this(family, species, r0, new ArrayList<String>());\n    }\n\n    /**\n     * Constructor for a Virus.\n     *\n     * @param family    String, the family\n     * @param species   String, the species\n     * @param symptoms  ArrayList<String>, list of symptoms\n     */\n    public Virus(String family, String species, ArrayList<String> symptoms) {\n        this(family, species, 1.0, symptoms);\n    }\n\n    /**\n     * Constructor for a Virus.\n     *\n     * @param family    String, the family\n     * @param species   String, the species\n     * @param r0        double, the r0 rate\n     * @param symptoms  ArrayList<String>, list of symptoms\n     */\n    public Virus(String family, String species, double r0, ArrayList<String> symptoms) {\n        this.family = family;\n        this.species = species;\n        this.r0 = r0;\n        this.symptoms = symptoms;\n    }\n\n    /**\n     * Update characteristics of the Virus.\n     *\n     * @param newR0         double, the new r0 value\n     * @param newSymptoms   ArrayList<String>, new list of symptoms\n     */\n    public void evolve(double newR0, ArrayList<String> newSymptoms) {\n        r0 = newR0;\n        symptoms = newSymptoms;\n    }\n\n    /**\n     * Get Virus symptoms.\n     *\n     * @return  String, list of symptoms\n     */\n    public ArrayList<String> getSymptoms() {\n        return symptoms;\n    }\n\n    /**\n     * Get Virus r0.\n     *\n     * @return  double, the r0 value\n     */\n    public double getR0() {\n        return r0;\n    }\n\n    /**\n     * Get Virus family.\n     *\n     * @return  String, the family\n     */\n    public String getFamily() {\n        return family;\n    }\n\n    /**\n     * Set Virus family.\n     *\n     * @param newFamily String, new family\n     */\n    public void setFamily(String newFamily) {\n        family = newFamily;\n    }\n\n    /**\n     * Get Virus species.\n     *\n     * @return  String, the species\n     */\n    public String getSpecies() {\n        return species;\n    }\n\n    /**\n     * Set Virus species.\n     *\n     * @param newSpecies    String, new species\n     */\n    public void setSpecies(String newSpecies) {\n        species = newSpecies;\n    }\n}\n"
            }
          },
          "description_text" : "<html>\n<head>\n    <style type =\"text/css\">\n       .footer{\n           position: fixed;\n           text-align: left;\n           line-height: 1.5;\n           bottom: 0px;\n           left: 5px;\n           width: 100%;\n       }\n        </style>\n    <style type =\"text/css\">\n       .body {\n           padding-bottom: 200px;\n       }\n    </style>\n</head>\n<body>\n<div class=\"body\">\n    <h1>Lab 5 - Inheritance</h1>\n    <p>Authors: <strong>Martin Klamrowski</strong>, <strong>Cristina Ruiz Martin</strong></p>\n    <p>Relevant textbook reading - <strong>Chapter 7</strong> (The Object Oriented Thought Process)</p>\n    <h3>~1.0 Inheritance~</h3>\n    <p>\n        There is much to discuss when it comes to applying inheritance in your designs. This section will focus on\n        inheritance as a concept, and will look at the ways the Java language allows you to apply inheritance in\n        practice. It will not provide any recommendations on best practices because there\n        is no simple answer, and any revelations provided here would generally be lacking until the introduction of\n        interfaces and design patterns. Chapter 7 alludes to these issues briefly. However, you\n        can also do a quick search engine query for \"<i>is composition better than inheritance</i>\" if you are keen on\n        immersing yourself in this raging debate.\n    </p>\n    <p>\n        This is not to say inheritance is not important to the object oriented programming paradigm. Inheritance is the\n        fundamental principal that objects can share common behaviours and attributes, and that these characteristics\n        can be passed on by subclassing (inheriting) a superclass (parent class).\n    </p>\n    <h3>~Task 1.1~</h3>\n    <p>\n        In Java, to create a subclass of another class, the <code>extends</code> keyword is used.\n    </p>\n    <p>\n        We have two classes defined: <strong>Virus</strong> and <strong>Corona</strong>. Take a look at them and answer\n        the MC question below.\n    </p>\n</div>\n\n</body>\n<div class=\"footer\">\n    <p>\n        <strong>Question:</strong> Which class is the subclass/child class?\n    </p>\n</div>\n\n</html>",
          "description_format" : "HTML",
          "feedback_link" : {
            "link_type" : "STEPIK"
          },
          "task_type" : "choice"
        },
        {
          "choiceOptions" : [
            {
              "text" : "<code>Corona covid = new Virus(\"coronavirus\", \"covid19\");</code>",
              "status" : "CORRECT"
            },
            {
              "text" : "<code>Corona covid = new Corona();</code>",
              "status" : "INCORRECT"
            },
            {
              "text" : "<code>Corona covid = new Corona(\"coronavirus\", \"covid19\");</code>",
              "status" : "CORRECT"
            },
            {
              "text" : "<code>Corona covid = new Corona(); covid.getFamily();</code>",
              "status" : "INCORRECT"
            }
          ],
          "isMultipleChoice" : true,
          "name" : "1.2",
          "files" : {
            "src/Corona.java" : {
              "name" : "src/Corona.java",
              "placeholders" : [ ],
              "is_visible" : true,
              "text" : "public class Corona extends Virus {\n\n}\n"
            },
            "src/Main.java" : {
              "name" : "src/Main.java",
              "placeholders" : [ ],
              "is_visible" : true,
              "text" : "public class Main {\n   public static void main(String[] args) {\n      // you can experiment here\n   }\n}"
            },
            "src/Virus.java" : {
              "name" : "src/Virus.java",
              "placeholders" : [ ],
              "is_visible" : true,
              "text" : "import java.util.ArrayList;\n\n/**\n * A Virus.\n */\npublic class Virus {\n\n    private String family;\n    private String species;\n    private double r0;\n    private ArrayList<String> symptoms;\n\n    /**\n     * Default constructor.\n     */\n    public Virus() {\n        this(\"\", \"\", 1.0, new ArrayList<String>());\n    }\n\n    /**\n     * Constructor for a Virus.\n     *\n     * @param family    String, the family\n     * @param species   String, the species\n     */\n    public Virus(String family, String species) {\n        this(family, species, 1.0, new ArrayList<String>());\n    }\n\n    /**\n     * Constructor for a Virus.\n     *\n     * @param family    String, the family\n     * @param species   String, the species\n     * @param r0        double, the r0 rate\n     */\n    public Virus(String family, String species, double r0) {\n        this(family, species, r0, new ArrayList<String>());\n    }\n\n    /**\n     * Constructor for a Virus.\n     *\n     * @param family    String, the family\n     * @param species   String, the species\n     * @param symptoms  ArrayList<String>, list of symptoms\n     */\n    public Virus(String family, String species, ArrayList<String> symptoms) {\n        this(family, species, 1.0, symptoms);\n    }\n\n    /**\n     * Constructor for a Virus.\n     *\n     * @param family    String, the family\n     * @param species   String, the species\n     * @param r0        double, the r0 rate\n     * @param symptoms  ArrayList<String>, list of symptoms\n     */\n    public Virus(String family, String species, double r0, ArrayList<String> symptoms) {\n        this.family = family;\n        this.species = species;\n        this.r0 = r0;\n        this.symptoms = symptoms;\n    }\n\n    /**\n     * Update characteristics of the Virus.\n     *\n     * @param newR0         double, the new r0 value\n     * @param newSymptoms   ArrayList<String>, new list of symptoms\n     */\n    public void evolve(double newR0, ArrayList<String> newSymptoms) {\n        r0 = newR0;\n        symptoms = newSymptoms;\n    }\n\n    /**\n     * Get Virus symptoms.\n     *\n     * @return  String, list of symptoms\n     */\n    public ArrayList<String> getSymptoms() {\n        return symptoms;\n    }\n\n    /**\n     * Get Virus r0.\n     *\n     * @return  double, the r0 value\n     */\n    public double getR0() {\n        return r0;\n    }\n\n    /**\n     * Get Virus family.\n     *\n     * @return  String, the family\n     */\n    public String getFamily() {\n        return family;\n    }\n\n    /**\n     * Set Virus family.\n     *\n     * @param newFamily String, new family\n     */\n    public void setFamily(String newFamily) {\n        family = newFamily;\n    }\n\n    /**\n     * Get Virus species.\n     *\n     * @return  String, the species\n     */\n    public String getSpecies() {\n        return species;\n    }\n\n    /**\n     * Set Virus species.\n     *\n     * @param newSpecies    String, new species\n     */\n    public void setSpecies(String newSpecies) {\n        species = newSpecies;\n    }\n}\n"
            }
          },
          "description_text" : "<html>\n<head>\n    <style type =\"text/css\">\n       .footer{\n           position: fixed;\n           text-align: left;\n           line-height: 1.5;\n           bottom: 0px;\n           left: 5px;\n           width: 100%;\n       }\n        </style>\n    <style type =\"text/css\">\n       .body {\n           padding-bottom: 200px;\n       }\n    </style>\n</head>\n<body>\n<div class=\"body\">\n    <h1>Lab 5 - Inheritance</h1>\n    <p>Authors: <strong>Martin Klamrowski</strong>, <strong>Cristina Ruiz Martin</strong></p>\n    <p>Relevant textbook reading - <strong>Chapter 7</strong> (The Object Oriented Thought Process)</p>\n    <h3>~1.0 Inheritance~</h3>\n    <p>\n        There is much to discuss when it comes to applying inheritance in your designs. This section will focus on\n        inheritance as a concept, and will look at the ways the Java language allows you to apply inheritance in\n        practice. It will not provide any recommendations on best practices because there\n        is no simple answer, and any revelations provided here would generally be lacking until the introduction of\n        interfaces and design patterns. Chapter 7 alludes to these issues briefly. However, you\n        can also do a quick search engine query for \"<i>is composition better than inheritance</i>\" if you are keen on\n        immersing yourself in this raging debate.\n    </p>\n    <p>\n        This is not to say inheritance is not important to the object oriented programming paradigm. Inheritance is the\n        fundamental principal that objects can share common behaviours and attributes, and that these characteristics\n        can be passed on by subclassing (inheriting) a superclass (parent class).\n    </p>\n    <h3>~Task 1.2~</h3>\n    <p>\n        Corona is a subclass of Virus. But what exactly has been inherited by Corona, from the Virus class? Do some\n        experimentation in <code>Main.java</code> to figure this out. For example, does a Corona object also have a\n        <code>symptoms</code> field? What about methods? Do access specifiers change anything?\n    </p>\n    <p>\n        Answer the MC question below.\n    </p>\n\n</div>\n\n</body>\n<div class=\"footer\">\n    <p>\n        <strong>Question:</strong> Given the current state of both classes, which of the following lines of code\n        will cause a problem/error (assuming they are run from <code>main()</code>?\n    </p>\n</div>\n\n</html>",
          "description_format" : "HTML",
          "feedback_link" : {
            "link_type" : "STEPIK"
          },
          "task_type" : "choice"
        },
        {
          "choiceOptions" : [
            {
              "text" : "No, private members cannot be accessed from outside their class.",
              "status" : "CORRECT"
            },
            {
              "text" : "Yes, private members can be accessed from outside their class.",
              "status" : "INCORRECT"
            }
          ],
          "isMultipleChoice" : false,
          "name" : "1.3",
          "files" : {
            "src/Corona.java" : {
              "name" : "src/Corona.java",
              "placeholders" : [ ],
              "is_visible" : true,
              "text" : "public class Corona extends Virus {\n\n}\n"
            },
            "src/Main.java" : {
              "name" : "src/Main.java",
              "placeholders" : [ ],
              "is_visible" : true,
              "text" : "public class Main {\n   public static void main(String[] args) {\n      // you can experiment here\n   }\n}"
            },
            "src/Virus.java" : {
              "name" : "src/Virus.java",
              "placeholders" : [ ],
              "is_visible" : true,
              "text" : "import java.util.ArrayList;\n\n/**\n * A Virus.\n */\npublic class Virus {\n\n    private String family;\n    private String species;\n    private double r0;\n    private ArrayList<String> symptoms;\n\n    /**\n     * Default constructor.\n     */\n    public Virus() {\n        this(\"\", \"\", 1.0, new ArrayList<String>());\n    }\n\n    /**\n     * Constructor for a Virus.\n     *\n     * @param family    String, the family\n     * @param species   String, the species\n     */\n    public Virus(String family, String species) {\n        this(family, species, 1.0, new ArrayList<String>());\n    }\n\n    /**\n     * Constructor for a Virus.\n     *\n     * @param family    String, the family\n     * @param species   String, the species\n     * @param r0        double, the r0 rate\n     */\n    public Virus(String family, String species, double r0) {\n        this(family, species, r0, new ArrayList<String>());\n    }\n\n    /**\n     * Constructor for a Virus.\n     *\n     * @param family    String, the family\n     * @param species   String, the species\n     * @param symptoms  ArrayList<String>, list of symptoms\n     */\n    public Virus(String family, String species, ArrayList<String> symptoms) {\n        this(family, species, 1.0, symptoms);\n    }\n\n    /**\n     * Constructor for a Virus.\n     *\n     * @param family    String, the family\n     * @param species   String, the species\n     * @param r0        double, the r0 rate\n     * @param symptoms  ArrayList<String>, list of symptoms\n     */\n    public Virus(String family, String species, double r0, ArrayList<String> symptoms) {\n        this.family = family;\n        this.species = species;\n        this.r0 = r0;\n        this.symptoms = symptoms;\n    }\n\n    /**\n     * Update characteristics of the Virus.\n     *\n     * @param newR0         double, the new r0 value\n     * @param newSymptoms   ArrayList<String>, new list of symptoms\n     */\n    public void evolve(double newR0, ArrayList<String> newSymptoms) {\n        r0 = newR0;\n        symptoms = newSymptoms;\n    }\n\n    /**\n     * Get Virus symptoms.\n     *\n     * @return  String, list of symptoms\n     */\n    public ArrayList<String> getSymptoms() {\n        return symptoms;\n    }\n\n    /**\n     * Get Virus r0.\n     *\n     * @return  double, the r0 value\n     */\n    public double getR0() {\n        return r0;\n    }\n\n    /**\n     * Get Virus family.\n     *\n     * @return  String, the family\n     */\n    public String getFamily() {\n        return family;\n    }\n\n    /**\n     * Set Virus family.\n     *\n     * @param newFamily String, new family\n     */\n    public void setFamily(String newFamily) {\n        family = newFamily;\n    }\n\n    /**\n     * Get Virus species.\n     *\n     * @return  String, the species\n     */\n    public String getSpecies() {\n        return species;\n    }\n\n    /**\n     * Set Virus species.\n     *\n     * @param newSpecies    String, new species\n     */\n    public void setSpecies(String newSpecies) {\n        species = newSpecies;\n    }\n}\n"
            }
          },
          "description_text" : "<html>\n<head>\n    <style type =\"text/css\">\n       .footer{\n           position: fixed;\n           text-align: left;\n           line-height: 1.5;\n           bottom: 0px;\n           left: 5px;\n           width: 100%;\n       }\n        </style>\n    <style type =\"text/css\">\n       .body {\n           padding-bottom: 200px;\n       }\n    </style>\n</head>\n<body>\n<div class=\"body\">\n    <h1>Lab 5 - Inheritance</h1>\n    <p>Authors: <strong>Martin Klamrowski</strong>, <strong>Cristina Ruiz Martin</strong></p>\n    <p>Relevant textbook reading - <strong>Chapter 7</strong> (The Object Oriented Thought Process)</p>\n    <h3>~1.0 Inheritance~</h3>\n    <p>\n        There is much to discuss when it comes to applying inheritance in your designs. This section will focus on\n        inheritance as a concept, and will look at the ways the Java language allows you to apply inheritance in\n        practice. It will not provide any recommendations on best practices because there\n        is no simple answer, and any revelations provided here would generally be lacking until the introduction of\n        interfaces and design patterns. Chapter 7 alludes to these issues briefly. However, you\n        can also do a quick search engine query for \"<i>is composition better than inheritance</i>\" if you are keen on\n        immersing yourself in this raging debate.\n    </p>\n    <p>\n        This is not to say inheritance is not important to the object oriented programming paradigm. Inheritance is the\n        fundamental principal that objects can share common behaviours and attributes, and that these characteristics\n        can be passed on by subclassing (inheriting) a superclass (parent class).\n    </p>\n    <h3>~Task 1.3~</h3>\n    <p>\n        Answer the MC question below.\n    </p>\n\n</div>\n\n</body>\n<div class=\"footer\">\n    <p>\n        <strong>Question:</strong> If the <code>public</code> method <code>getFamily()</code> were changed to\n        <code>private</code>, would the following line of code still work (assuming it was run from\n        <code>main()</code>)?\n        <br><br><code>covid.getFamily();</code>\n    </p>\n</div>\n\n</html>",
          "description_format" : "HTML",
          "feedback_link" : {
            "link_type" : "STEPIK"
          },
          "task_type" : "choice"
        },
        {
          "choiceOptions" : [
            {
              "text" : "No, Corona has access to all of its superclass' members (even private).",
              "status" : "INCORRECT"
            },
            {
              "text" : "Yes, Virus does not have a method called myCoronaMethod, therefore there will be an error.",
              "status" : "INCORRECT"
            },
            {
              "text" : "Yes, Corona inherits all of its superclass' members, but cannot access private ones (because they are private!).",
              "status" : "CORRECT"
            }
          ],
          "isMultipleChoice" : false,
          "name" : "1.4",
          "files" : {
            "src/Corona.java" : {
              "name" : "src/Corona.java",
              "placeholders" : [ ],
              "is_visible" : true,
              "text" : "public class Corona extends Virus {\n\n}\n"
            },
            "src/Main.java" : {
              "name" : "src/Main.java",
              "placeholders" : [ ],
              "is_visible" : true,
              "text" : "public class Main {\n   public static void main(String[] args) {\n      // you can experiment here\n   }\n}"
            },
            "src/Virus.java" : {
              "name" : "src/Virus.java",
              "placeholders" : [ ],
              "is_visible" : true,
              "text" : "import java.util.ArrayList;\n\n/**\n * A Virus.\n */\npublic class Virus {\n\n    private String family;\n    private String species;\n    private double r0;\n    private ArrayList<String> symptoms;\n\n    /**\n     * Default constructor.\n     */\n    public Virus() {\n        this(\"\", \"\", 1.0, new ArrayList<String>());\n    }\n\n    /**\n     * Constructor for a Virus.\n     *\n     * @param family    String, the family\n     * @param species   String, the species\n     */\n    public Virus(String family, String species) {\n        this(family, species, 1.0, new ArrayList<String>());\n    }\n\n    /**\n     * Constructor for a Virus.\n     *\n     * @param family    String, the family\n     * @param species   String, the species\n     * @param r0        double, the r0 rate\n     */\n    public Virus(String family, String species, double r0) {\n        this(family, species, r0, new ArrayList<String>());\n    }\n\n    /**\n     * Constructor for a Virus.\n     *\n     * @param family    String, the family\n     * @param species   String, the species\n     * @param symptoms  ArrayList<String>, list of symptoms\n     */\n    public Virus(String family, String species, ArrayList<String> symptoms) {\n        this(family, species, 1.0, symptoms);\n    }\n\n    /**\n     * Constructor for a Virus.\n     *\n     * @param family    String, the family\n     * @param species   String, the species\n     * @param r0        double, the r0 rate\n     * @param symptoms  ArrayList<String>, list of symptoms\n     */\n    public Virus(String family, String species, double r0, ArrayList<String> symptoms) {\n        this.family = family;\n        this.species = species;\n        this.r0 = r0;\n        this.symptoms = symptoms;\n    }\n\n    /**\n     * Update characteristics of the Virus.\n     *\n     * @param newR0         double, the new r0 value\n     * @param newSymptoms   ArrayList<String>, new list of symptoms\n     */\n    public void evolve(double newR0, ArrayList<String> newSymptoms) {\n        r0 = newR0;\n        symptoms = newSymptoms;\n    }\n\n    /**\n     * Get Virus symptoms.\n     *\n     * @return  String, list of symptoms\n     */\n    public ArrayList<String> getSymptoms() {\n        return symptoms;\n    }\n\n    /**\n     * Get Virus r0.\n     *\n     * @return  double, the r0 value\n     */\n    public double getR0() {\n        return r0;\n    }\n\n    /**\n     * Get Virus family.\n     *\n     * @return  String, the family\n     */\n    public String getFamily() {\n        return family;\n    }\n\n    /**\n     * Set Virus family.\n     *\n     * @param newFamily String, new family\n     */\n    public void setFamily(String newFamily) {\n        family = newFamily;\n    }\n\n    /**\n     * Get Virus species.\n     *\n     * @return  String, the species\n     */\n    public String getSpecies() {\n        return species;\n    }\n\n    /**\n     * Set Virus species.\n     *\n     * @param newSpecies    String, new species\n     */\n    public void setSpecies(String newSpecies) {\n        species = newSpecies;\n    }\n}\n"
            }
          },
          "description_text" : "<html>\n<head>\n    <style type =\"text/css\">\n       .footer{\n           position: fixed;\n           text-align: left;\n           line-height: 1.5;\n           bottom: 0px;\n           left: 5px;\n           width: 100%;\n       }\n        </style>\n    <style type =\"text/css\">\n       .body {\n           padding-bottom: 200px;\n       }\n    </style>\n</head>\n<body>\n<div class=\"body\">\n    <h1>Lab 5 - Inheritance</h1>\n    <p>Authors: <strong>Martin Klamrowski</strong>, <strong>Cristina Ruiz Martin</strong></p>\n    <p>Relevant textbook reading - <strong>Chapter 7</strong> (The Object Oriented Thought Process)</p>\n    <h3>~1.0 Inheritance~</h3>\n    <p>\n        There is much to discuss when it comes to applying inheritance in your designs. This section will focus on\n        inheritance as a concept, and will look at the ways the Java language allows you to apply inheritance in\n        practice. It will not provide any recommendations on best practices because there\n        is no simple answer, and any revelations provided here would generally be lacking until the introduction of\n        interfaces and design patterns. Chapter 7 alludes to these issues briefly. However, you\n        can also do a quick search engine query for \"<i>is composition better than inheritance</i>\" if you are keen on\n        immersing yourself in this raging debate.\n    </p>\n    <p>\n        This is not to say inheritance is not important to the object oriented programming paradigm. Inheritance is the\n        fundamental principal that objects can share common behaviours and attributes, and that these characteristics\n        can be passed on by subclassing (inheriting) a superclass (parent class).\n    </p>\n    <h3>~Task 1.4~</h3>\n    <p>\n        So if a subclass cannot access its superclass' private members, does that mean a Corona object does not have\n        any of the fields currently defined in the Virus class?\n        Try it out!\n    </p>\n    <p>\n        Given the code for the Corona class below, answer the MC question.\n    </p>\n    <p>\n    <pre>\n    public class Corona extends Virus {\n        public void myCoronaMethod() {\n            System.out.println(family + \" \" + species);\n        }\n    }\n    </pre>\n    </p>\n\n</div>\n\n</body>\n<div class=\"footer\">\n    <p>\n        <strong>Question:</strong> Assuming <code>Corona.java</code> looked as above, would there be an error?\n    </p>\n</div>\n\n</html>",
          "description_format" : "HTML",
          "feedback_link" : {
            "link_type" : "STEPIK"
          },
          "task_type" : "choice"
        },
        {
          "name" : "1.5",
          "files" : {
            "src/Corona.java" : {
              "name" : "src/Corona.java",
              "placeholders" : [ ],
              "is_visible" : true,
              "text" : "public class Corona extends Virus {\n}\n"
            },
            "src/Main.java" : {
              "name" : "src/Main.java",
              "placeholders" : [ ],
              "is_visible" : true,
              "text" : "import java.util.ArrayList;\nimport java.util.Arrays;\n\npublic class Main {\n   public static void main(String[] args) {\n\n      // demonstration\n      Corona covid = new Corona();\n\n      // before\n      System.out.println(\"Before evolve symptoms:\");\n      for (String s : covid.getSymptoms()) {\n         System.out.print(s + \"\\n\");\n      }\n\n      // updating private fields here\n      covid.evolve(2.0, new ArrayList<>(Arrays.asList(\"cold\", \"fever\")));\n\n      // they changed!\n      System.out.println(\"After evolve symptoms:\");\n      for (String s : covid.getSymptoms()) {\n         System.out.print(s + \"\\n\");\n      }\n   }\n}"
            },
            "src/Virus.java" : {
              "name" : "src/Virus.java",
              "placeholders" : [ ],
              "is_visible" : true,
              "text" : "import java.util.ArrayList;\n\n/**\n * A Virus.\n */\npublic class Virus {\n\n    private String family;\n    private String species;\n    private double r0;\n    private ArrayList<String> symptoms;\n\n    /**\n     * Default constructor.\n     */\n    public Virus() {\n        this(\"\", \"\", 1.0, new ArrayList<String>());\n    }\n\n    /**\n     * Constructor for a Virus.\n     *\n     * @param family    String, the family\n     * @param species   String, the species\n     */\n    public Virus(String family, String species) {\n        this(family, species, 1.0, new ArrayList<String>());\n    }\n\n    /**\n     * Constructor for a Virus.\n     *\n     * @param family    String, the family\n     * @param species   String, the species\n     * @param r0        double, the r0 rate\n     */\n    public Virus(String family, String species, double r0) {\n        this(family, species, r0, new ArrayList<String>());\n    }\n\n    /**\n     * Constructor for a Virus.\n     *\n     * @param family    String, the family\n     * @param species   String, the species\n     * @param symptoms  ArrayList<String>, list of symptoms\n     */\n    public Virus(String family, String species, ArrayList<String> symptoms) {\n        this(family, species, 1.0, symptoms);\n    }\n\n    /**\n     * Constructor for a Virus.\n     *\n     * @param family    String, the family\n     * @param species   String, the species\n     * @param r0        double, the r0 rate\n     * @param symptoms  ArrayList<String>, list of symptoms\n     */\n    public Virus(String family, String species, double r0, ArrayList<String> symptoms) {\n        this.family = family;\n        this.species = species;\n        this.r0 = r0;\n        this.symptoms = symptoms;\n    }\n\n    /**\n     * Update characteristics of the Virus.\n     *\n     * @param newR0         double, the new r0 value\n     * @param newSymptoms   ArrayList<String>, new list of symptoms\n     */\n    public void evolve(double newR0, ArrayList<String> newSymptoms) {\n        r0 = newR0;\n        symptoms = newSymptoms;\n    }\n\n    /**\n     * Get Virus symptoms.\n     *\n     * @return  String, list of symptoms\n     */\n    public ArrayList<String> getSymptoms() {\n        return symptoms;\n    }\n\n    /**\n     * Get Virus r0.\n     *\n     * @return  double, the r0 value\n     */\n    public double getR0() {\n        return r0;\n    }\n\n    /**\n     * Get Virus family.\n     *\n     * @return  String, the family\n     */\n    public String getFamily() {\n        return family;\n    }\n\n    /**\n     * Set Virus family.\n     *\n     * @param newFamily String, new family\n     */\n    public void setFamily(String newFamily) {\n        family = newFamily;\n    }\n\n    /**\n     * Get Virus species.\n     *\n     * @return  String, the species\n     */\n    public String getSpecies() {\n        return species;\n    }\n\n    /**\n     * Set Virus species.\n     *\n     * @param newSpecies    String, new species\n     */\n    public void setSpecies(String newSpecies) {\n        species = newSpecies;\n    }\n}\n"
            }
          },
          "description_text" : "<html>\n<head>\n    <style type =\"text/css\">\n       .footer{\n           position: fixed;\n           text-align: left;\n           line-height: 1.5;\n           bottom: 0px;\n           left: 5px;\n           width: 100%;\n       }\n        </style>\n    <style type =\"text/css\">\n       .body {\n           padding-bottom: 200px;\n       }\n    </style>\n</head>\n<body>\n<div class=\"body\">\n    <h1>Lab 5 - Inheritance</h1>\n    <p>Authors: <strong>Martin Klamrowski</strong>, <strong>Cristina Ruiz Martin</strong></p>\n    <p>Relevant textbook reading - <strong>Chapter 7</strong> (The Object Oriented Thought Process)</p>\n    <h3>~1.0 Inheritance~</h3>\n    <p>\n        There is much to discuss when it comes to applying inheritance in your designs. This section will focus on\n        inheritance as a concept, and will look at the ways the Java language allows you to apply inheritance in\n        practice. It will not provide any recommendations on best practices because there\n        is no simple answer, and any revelations provided here would generally be lacking until the introduction of\n        interfaces and design patterns. Chapter 7 alludes to these issues briefly. However, you\n        can also do a quick search engine query for \"<i>is composition better than inheritance</i>\" if you are keen on\n        immersing yourself in this raging debate.\n    </p>\n    <p>\n        This is not to say inheritance is not important to the object oriented programming paradigm. Inheritance is the\n        fundamental principal that objects can share common behaviours and attributes, and that these characteristics\n        can be passed on by subclassing (inheriting) a superclass (parent class).\n    </p>\n    <h3>~Task 1.5~</h3>\n    <p>\n        That confirms it! In summary, a subclass will inherit all of its superclass' members (except constructors).\n        However, you may find conflicting information on this, saying that a subclass does not \"inherit\" private\n        members. Just remember, that the superclass' private members are there - they do exist in all instances of\n        the subclass. They just cannot be directly accessed outside of the containing class (because they are private!).\n        But if the superclass has a public/protected level accessor method for that private field, it can be accessed!\n        And so, depending on your definition, a subclass does \"inherit\" the private members of the superclass.\n    </p>\n    <p>\n        <i>Food for thought: Does this violate encapsulation?</i>\n    </p>\n    <p>\n        A demonstration of the above explanation is in <code>Main.java</code>; we modify the\n        <code>symptoms</code> field of a given Corona object without writing any code in <code>Corona.java</code>.\n    </p>\n\n\n</div>\n\n</body>\n<div class=\"footer\">\n    <p>\n        <!--<strong></strong> Assuming <code>Corona.java</code> looked as above, would there be an error?-->\n    </p>\n</div>\n\n</html>",
          "description_format" : "HTML",
          "feedback_link" : {
            "link_type" : "STEPIK"
          },
          "task_type" : "theory"
        }
      ],
      "type" : "lesson"
    },
    {
      "title" : "2.0 this and super",
      "task_list" : [
        {
          "choiceOptions" : [
            {
              "text" : "15",
              "status" : "INCORRECT"
            },
            {
              "text" : "51",
              "status" : "CORRECT"
            },
            {
              "text" : "12345",
              "status" : "INCORRECT"
            },
            {
              "text" : "54321",
              "status" : "INCORRECT"
            }
          ],
          "isMultipleChoice" : false,
          "name" : "2.1",
          "files" : {
            "src/Corona.java" : {
              "name" : "src/Corona.java",
              "placeholders" : [ ],
              "is_visible" : true,
              "text" : "public class Corona extends Virus {\n\n}\n"
            },
            "src/Main.java" : {
              "name" : "src/Main.java",
              "placeholders" : [ ],
              "is_visible" : true,
              "text" : "public class Main {\n   public static void main(String[] args) {\n      // experiment here\n   }\n}"
            },
            "src/Virus.java" : {
              "name" : "src/Virus.java",
              "placeholders" : [ ],
              "is_visible" : true,
              "text" : "import java.util.ArrayList;\n\n/**\n * A Virus.\n */\npublic class Virus {\n\n    private String family;\n    private String species;\n    private double r0;\n    private ArrayList<String> symptoms;\n\n    /**\n     * Default constructor.\n     */\n    public Virus() {\n        this(\"\", \"\", 1.0, new ArrayList<String>());\n        System.out.print(1);\n    }\n\n    /**\n     * Constructor for a Virus.\n     *\n     * @param family    String, the family\n     * @param species   String, the species\n     */\n    public Virus(String family, String species) {\n        this(family, species, 1.0, new ArrayList<String>());\n        System.out.print(2);\n    }\n\n    /**\n     * Constructor for a Virus.\n     *\n     * @param family    String, the family\n     * @param species   String, the species\n     * @param r0        double, the r0 rate\n     */\n    public Virus(String family, String species, double r0) {\n        this(family, species, r0, new ArrayList<String>());\n        System.out.print(3);\n    }\n\n    /**\n     * Constructor for a Virus.\n     *\n     * @param family    String, the family\n     * @param species   String, the species\n     * @param symptoms  ArrayList<String>, list of symptoms\n     */\n    public Virus(String family, String species, ArrayList<String> symptoms) {\n        this(family, species, 1.0, symptoms);\n        System.out.print(4);\n    }\n\n    /**\n     * Constructor for a Virus.\n     *\n     * @param family    String, the family\n     * @param species   String, the species\n     * @param r0        double, the r0 rate\n     * @param symptoms  ArrayList<String>, list of symptoms\n     */\n    public Virus(String family, String species, double r0, ArrayList<String> symptoms) {\n        this.family = family;\n        this.species = species;\n        this.r0 = r0;\n        this.symptoms = symptoms;\n        System.out.print(5);\n    }\n\n    /**\n     * Update characteristics of the Virus.\n     *\n     * @param newR0         double, the new r0 value\n     * @param newSymptoms   ArrayList<String>, new list of symptoms\n     */\n    public void evolve(double newR0, ArrayList<String> newSymptoms) {\n        r0 = newR0;\n        symptoms = newSymptoms;\n    }\n\n    /**\n     * Get Virus symptoms.\n     *\n     * @return  String, list of symptoms\n     */\n    public ArrayList<String> getSymptoms() {\n        return symptoms;\n    }\n\n    /**\n     * Get Virus r0.\n     *\n     * @return  double, the r0 value\n     */\n    public double getR0() {\n        return r0;\n    }\n\n    /**\n     * Get Virus family.\n     *\n     * @return  String, the family\n     */\n    public String getFamily() {\n        return family;\n    }\n\n    /**\n     * Set Virus family.\n     *\n     * @param newFamily String, new family\n     */\n    public void setFamily(String newFamily) {\n        family = newFamily;\n    }\n\n    /**\n     * Get Virus species.\n     *\n     * @return  String, the species\n     */\n    public String getSpecies() {\n        return species;\n    }\n\n    /**\n     * Set Virus species.\n     *\n     * @param newSpecies    String, new species\n     */\n    public void setSpecies(String newSpecies) {\n        species = newSpecies;\n    }\n}\n"
            }
          },
          "description_text" : "<html>\n<head>\n    <style type =\"text/css\">\n       .footer{\n           position: fixed;\n           text-align: left;\n           line-height: 1.5;\n           bottom: 0px;\n           left: 5px;\n           width: 100%;\n       }\n        </style>\n    <style type =\"text/css\">\n       .body {\n           padding-bottom: 200px;\n       }\n    </style>\n</head>\n<body>\n<div class=\"body\">\n    <h1>Lab 5 - Inheritance</h1>\n    <p>Authors: <strong>Martin Klamrowski</strong>, <strong>Cristina Ruiz Martin</strong></p>\n    <p>Relevant textbook reading - <strong>Chapter 7</strong> (The Object Oriented Thought Process)</p>\n    <h3>~2.0 this and super~</h3>\n    <p>\n        <code>this</code> and <code>super</code> are a couple of handy reserved words in Java. We have already seen\n        <code>this</code> used fairly extensively, but have never discussed it. Conceptually they are simple to\n        understand, and that is what we will be doing in this section.\n    </p>\n    <h3>~Task 2.1~</h3>\n    <p>\n        <code>this</code> is a reserved word used to access the current object reference. What is the current object\n        reference? For example, if we call the method <code>evolve()</code> on a Virus object <code>v1</code>, within\n        the context of that method call \"<code>this</code>\" will refer to the calling object <code>v1</code>.\n        <code>this</code> is useful in situations where we do not have access to the current object's reference. The\n        three cases in which we need <code>this</code> are:\n    </p>\n    <ul>\n        <li>\n            When we need to disambiguate variables. Example: in the Virus constructor.\n        </li>\n        <li>\n            When we want to pass the current object reference to another method. Example:\n            <code>anObject.someMethod(this)</code>.\n        </li>\n        <li>\n            Constructor chaining. Example: consider the revised version of <code>Virus.java</code> with constructor\n            chaining. <i>Note: a call to </i><code>this()</code>\n            <i>must always be the first line in a constructor body.</i>\n        </li>\n    </ul>\n    <p>\n        Answer the MC question below.\n    </p>\n\n</div>\n\n</body>\n<div class=\"footer\">\n    <p>\n        <strong>Question:</strong> What will be the output after the following line of code?\n        <br><br>\n        <code>Virus v1 = new Virus();</code>\n    </p>\n</div>\n\n</html>",
          "description_format" : "HTML",
          "feedback_link" : {
            "link_type" : "STEPIK"
          },
          "task_type" : "choice"
        },
        {
          "choiceOptions" : [
            {
              "text" : "61",
              "status" : "INCORRECT"
            },
            {
              "text" : "156",
              "status" : "INCORRECT"
            },
            {
              "text" : "615",
              "status" : "INCORRECT"
            },
            {
              "text" : "516",
              "status" : "CORRECT"
            }
          ],
          "isMultipleChoice" : false,
          "name" : "2.2",
          "files" : {
            "src/Corona.java" : {
              "name" : "src/Corona.java",
              "placeholders" : [ ],
              "is_visible" : true,
              "text" : "public class Corona extends Virus {\n\n    private double mortRate;\n    private int yearOfEmergence;\n\n    /**\n     * Default constructor for a Corona.\n     */\n    public Corona() {\n        super();\n        mortRate = 0.005;\n        yearOfEmergence = 2002;\n        System.out.print(6);\n    }\n}\n"
            },
            "src/Main.java" : {
              "name" : "src/Main.java",
              "placeholders" : [ ],
              "is_visible" : true,
              "text" : "public class Main {\n   public static void main(String[] args) {\n      // experiment here\n      Corona c1 = new Corona();\n   }\n}"
            },
            "src/Virus.java" : {
              "name" : "src/Virus.java",
              "placeholders" : [ ],
              "is_visible" : true,
              "text" : "import java.util.ArrayList;\n\n/**\n * A Virus.\n */\npublic class Virus {\n\n    private String family;\n    private String species;\n    private double r0;\n    private ArrayList<String> symptoms;\n\n    /**\n     * Default constructor.\n     */\n    public Virus() {\n        this(\"\", \"\", 1.0, new ArrayList<String>());\n        System.out.print(1);\n    }\n\n    /**\n     * Constructor for a Virus.\n     *\n     * @param family    String, the family\n     * @param species   String, the species\n     */\n    public Virus(String family, String species) {\n        this(family, species, 1.0, new ArrayList<String>());\n        System.out.print(2);\n    }\n\n    /**\n     * Constructor for a Virus.\n     *\n     * @param family    String, the family\n     * @param species   String, the species\n     * @param r0        double, the r0 rate\n     */\n    public Virus(String family, String species, double r0) {\n        this(family, species, r0, new ArrayList<String>());\n        System.out.print(3);\n    }\n\n    /**\n     * Constructor for a Virus.\n     *\n     * @param family    String, the family\n     * @param species   String, the species\n     * @param symptoms  ArrayList<String>, list of symptoms\n     */\n    public Virus(String family, String species, ArrayList<String> symptoms) {\n        this(family, species, 1.0, symptoms);\n        System.out.print(4);\n    }\n\n    /**\n     * Constructor for a Virus.\n     *\n     * @param family    String, the family\n     * @param species   String, the species\n     * @param r0        double, the r0 rate\n     * @param symptoms  ArrayList<String>, list of symptoms\n     */\n    public Virus(String family, String species, double r0, ArrayList<String> symptoms) {\n        this.family = family;\n        this.species = species;\n        this.r0 = r0;\n        this.symptoms = symptoms;\n        System.out.print(5);\n    }\n\n    /**\n     * Update characteristics of the Virus.\n     *\n     * @param newR0         double, the new r0 value\n     * @param newSymptoms   ArrayList<String>, new list of symptoms\n     */\n    public void evolve(double newR0, ArrayList<String> newSymptoms) {\n        r0 = newR0;\n        symptoms = newSymptoms;\n    }\n\n    /**\n     * Get Virus symptoms.\n     *\n     * @return  String, list of symptoms\n     */\n    public ArrayList<String> getSymptoms() {\n        return symptoms;\n    }\n\n    /**\n     * Get Virus r0.\n     *\n     * @return  double, the r0 value\n     */\n    public double getR0() {\n        return r0;\n    }\n\n    /**\n     * Get Virus family.\n     *\n     * @return  String, the family\n     */\n    public String getFamily() {\n        return family;\n    }\n\n    /**\n     * Set Virus family.\n     *\n     * @param newFamily String, new family\n     */\n    public void setFamily(String newFamily) {\n        family = newFamily;\n    }\n\n    /**\n     * Get Virus species.\n     *\n     * @return  String, the species\n     */\n    public String getSpecies() {\n        return species;\n    }\n\n    /**\n     * Set Virus species.\n     *\n     * @param newSpecies    String, new species\n     */\n    public void setSpecies(String newSpecies) {\n        species = newSpecies;\n    }\n}\n"
            }
          },
          "description_text" : "<html>\n<head>\n    <style type =\"text/css\">\n       .footer{\n           position: fixed;\n           text-align: left;\n           line-height: 1.5;\n           bottom: 0px;\n           left: 5px;\n           width: 100%;\n       }\n        </style>\n    <style type =\"text/css\">\n       .body {\n           padding-bottom: 200px;\n       }\n    </style>\n</head>\n<body>\n<div class=\"body\">\n    <h1>Lab 5 - Inheritance</h1>\n    <p>Authors: <strong>Martin Klamrowski</strong>, <strong>Cristina Ruiz Martin</strong></p>\n    <p>Relevant textbook reading - <strong>Chapter 7</strong> (The Object Oriented Thought Process)</p>\n    <h3>~2.0 this and super~</h3>\n    <p>\n        <code>this</code> and <code>super</code> are a couple of handy reserved words in Java. We have already seen\n        <code>this</code> used fairly extensively, but have never discussed it. Conceptually they are simple to\n        understand, and that is what we will be doing in this section.\n    </p>\n    <h3>~Task 2.2~</h3>\n    <p>\n        <code>super</code> is a reserved word conceptually similar to <code>this</code>. <code>super</code> is used to\n        access members of a subclass' superclass. Much like <code>this</code>, <code>super</code> can be used to call\n        superclass constructors and methods.\n    </p>\n    <p>\n        A few things have been added to <code>Corona.java</code>.\n    </p>\n    <p>\n        Answer the MC question below.\n    </p>\n\n</div>\n\n</body>\n<div class=\"footer\">\n    <p>\n        <strong>Question:</strong> What will be the output after the following line of code?\n        <br><br>\n        <code>Corona c1 = new Corona();</code>\n    </p>\n</div>\n\n</html>",
          "description_format" : "HTML",
          "feedback_link" : {
            "link_type" : "STEPIK"
          },
          "task_type" : "choice"
        },
        {
          "name" : "2.3",
          "files" : {
            "test/output.txt" : {
              "name" : "test/output.txt",
              "placeholders" : [ ],
              "is_visible" : false,
              "text" : "COVID-19\nCOVID-14\n"
            },
            "src/Corona.java" : {
              "name" : "src/Corona.java",
              "placeholders" : [ ],
              "is_visible" : true,
              "text" : "public class Corona extends Virus {\n\n    private double mortRate;\n    private int yearOfEmergence;\n\n    /**\n     * Default constructor for a Corona.\n     */\n    public Corona() {\n        super(\"coronavirus\", \"COVID-02\");\n        mortRate = 0.005;\n        yearOfEmergence = 2002;\n    }\n}\n"
            },
            "src/Main.java" : {
              "name" : "src/Main.java",
              "placeholders" : [ ],
              "is_visible" : true,
              "text" : "import java.util.ArrayList;\nimport java.util.Arrays;\n\npublic class Main {\n   public static void main(String[] args) {\n\n      // fix this!\n      Corona c1 = new Corona(\n              0.007,\n              2019,\n              1.5,\n              new ArrayList<String>(Arrays.asList(\"sniffles\", \"fever\", \"cough\", \"shortness of breath\"))\n      );\n\n      Corona c2 = new Corona(\n              0.3,\n              2014,\n              new ArrayList<String>(Arrays.asList(\"fever\", \"cough\", \"shortness of breath\"))\n      );\n\n      // for validation\n      System.out.println(c1.getSpecies());\n      System.out.println(c2.getSpecies());\n   }\n}"
            },
            "src/Virus.java" : {
              "name" : "src/Virus.java",
              "placeholders" : [ ],
              "is_visible" : true,
              "text" : "import java.util.ArrayList;\n\n/**\n * A Virus.\n */\npublic class Virus {\n\n    private String family;\n    private String species;\n    private double r0;\n    private ArrayList<String> symptoms;\n\n    /**\n     * Default constructor.\n     */\n    public Virus() {\n        this(\"\", \"\", 1.0, new ArrayList<String>());\n    }\n\n    /**\n     * Constructor for a Virus.\n     *\n     * @param family    String, the family\n     * @param species   String, the species\n     */\n    public Virus(String family, String species) {\n        this(family, species, 1.0, new ArrayList<String>());\n    }\n\n    /**\n     * Constructor for a Virus.\n     *\n     * @param family    String, the family\n     * @param species   String, the species\n     * @param r0        double, the r0 rate\n     */\n    public Virus(String family, String species, double r0) {\n        this(family, species, r0, new ArrayList<String>());\n    }\n\n    /**\n     * Constructor for a Virus.\n     *\n     * @param family    String, the family\n     * @param species   String, the species\n     * @param symptoms  ArrayList<String>, list of symptoms\n     */\n    public Virus(String family, String species, ArrayList<String> symptoms) {\n        this(family, species, 1.0, symptoms);\n    }\n\n    /**\n     * Constructor for a Virus.\n     *\n     * @param family    String, the family\n     * @param species   String, the species\n     * @param r0        double, the r0 rate\n     * @param symptoms  ArrayList<String>, list of symptoms\n     */\n    public Virus(String family, String species, double r0, ArrayList<String> symptoms) {\n        this.family = family;\n        this.species = species;\n        this.r0 = r0;\n        this.symptoms = symptoms;\n    }\n\n    /**\n     * Update characteristics of the Virus.\n     *\n     * @param newR0         double, the new r0 value\n     * @param newSymptoms   ArrayList<String>, new list of symptoms\n     */\n    public void evolve(double newR0, ArrayList<String> newSymptoms) {\n        r0 = newR0;\n        symptoms = newSymptoms;\n    }\n\n    /**\n     * Get Virus symptoms.\n     *\n     * @return  String, list of symptoms\n     */\n    public ArrayList<String> getSymptoms() {\n        return symptoms;\n    }\n\n    /**\n     * Get Virus r0.\n     *\n     * @return  double, the r0 value\n     */\n    public double getR0() {\n        return r0;\n    }\n\n    /**\n     * Get Virus family.\n     *\n     * @return  String, the family\n     */\n    public String getFamily() {\n        return family;\n    }\n\n    /**\n     * Set Virus family.\n     *\n     * @param newFamily String, new family\n     */\n    public void setFamily(String newFamily) {\n        family = newFamily;\n    }\n\n    /**\n     * Get Virus species.\n     *\n     * @return  String, the species\n     */\n    public String getSpecies() {\n        return species;\n    }\n\n    /**\n     * Set Virus species.\n     *\n     * @param newSpecies    String, new species\n     */\n    public void setSpecies(String newSpecies) {\n        species = newSpecies;\n    }\n}\n"
            }
          },
          "description_text" : "<html>\n<head>\n    <style type =\"text/css\">\n       .footer{\n           position: fixed;\n           text-align: left;\n           line-height: 1.5;\n           bottom: 0px;\n           left: 5px;\n           width: 100%;\n       }\n        </style>\n    <style type =\"text/css\">\n       .body {\n           padding-bottom: 200px;\n       }\n    </style>\n</head>\n<body>\n<div class=\"body\">\n    <h1>Lab 5 - Inheritance</h1>\n    <p>Authors: <strong>Martin Klamrowski</strong>, <strong>Cristina Ruiz Martin</strong></p>\n    <p>Relevant textbook reading - <strong>Chapter 7</strong> (The Object Oriented Thought Process)</p>\n    <h3>~2.0 this and super~</h3>\n    <p>\n        <code>this</code> and <code>super</code> are a couple of handy reserved words in Java. We have already seen\n        <code>this</code> used fairly extensively, but have never discussed it. Conceptually they are simple to\n        understand, and that is what we will be doing in this section.\n    </p>\n    <h3>~Task 2.3~</h3>\n    <p>\n        There is some code written in <code>Main.java</code>. In <code>Corona.java</code>, modify and add everything\n        needed to make the errors in <code>main()</code> disappear. Do not change the code in <code>main()</code> or\n        <code>Virus.java</code>.\n    </p>\n    <p>\n        The output should also correctly validate upon checking your answer.\n    </p>\n    <div class=\"hint\">\n        A Corona object's <code>family</code> is always \"coronavirus\"; a Corona object's <code>species</code>\n        is always the concatenation of <code>\"COVID-\"</code> and the last two digits of the\n        <code>yearOfEmergence</code>.\n    </div>\n    <p>\n        Make use of <code>super</code> and <code>this</code> where required and in places they may be useful (for\n        example: constructor chaining). You only need to define as many constructors as are necessary to remove the\n        errors, you can keep the default constructor.\n    </p>\n    <p>\n        <strong>If you choose</strong> to define any methods in <code>Corona.java</code>, they must be\n        <code>private</code>.\n    </p>\n\n</div>\n\n</body>\n<div class=\"footer\">\n    <p>\n        <strong>Check your answer.</strong>\n    </p>\n</div>\n\n</html>",
          "description_format" : "HTML",
          "feedback_link" : {
            "link_type" : "STEPIK"
          },
          "task_type" : "output"
        }
      ],
      "type" : "lesson"
    },
    {
      "title" : "3.0 Composition",
      "task_list" : [
        {
          "choiceOptions" : [
            {
              "text" : "Inheritance is never good under any circumstance.",
              "status" : "INCORRECT"
            },
            {
              "text" : "Inheritance forces loose-coupling between superclass and subclass which is a bad thing.",
              "status" : "INCORRECT"
            },
            {
              "text" : "Inheritance violates encapsulation.",
              "status" : "CORRECT"
            },
            {
              "text" : "Inheritance forces tight-coupling between superclass and subclass which means changes to the superclass will likely break the subclass.",
              "status" : "CORRECT"
            }
          ],
          "isMultipleChoice" : true,
          "name" : "3.1",
          "files" : {
            "src/Virus.java" : {
              "name" : "src/Virus.java",
              "placeholders" : [ ],
              "is_visible" : true,
              "text" : "import java.util.ArrayList;\n\n/**\n * A Virus.\n */\npublic class Virus {\n\n    private String family;\n    private String species;\n    private double r0;\n    private ArrayList<String> symptoms;\n\n    /**\n     * Default constructor.\n     */\n    public Virus() {\n        this(\"\", \"\", 1.0, new ArrayList<String>());\n    }\n\n    /**\n     * Constructor for a Virus.\n     *\n     * @param family    String, the family\n     * @param species   String, the species\n     */\n    public Virus(String family, String species) {\n        this(family, species, 1.0, new ArrayList<String>());\n    }\n\n    /**\n     * Constructor for a Virus.\n     *\n     * @param family    String, the family\n     * @param species   String, the species\n     * @param r0        double, the r0 rate\n     */\n    public Virus(String family, String species, double r0) {\n        this(family, species, r0, new ArrayList<String>());\n    }\n\n    /**\n     * Constructor for a Virus.\n     *\n     * @param family    String, the family\n     * @param species   String, the species\n     * @param symptoms  ArrayList<String>, list of symptoms\n     */\n    public Virus(String family, String species, ArrayList<String> symptoms) {\n        this(family, species, 1.0, symptoms);\n    }\n\n    /**\n     * Constructor for a Virus.\n     *\n     * @param family    String, the family\n     * @param species   String, the species\n     * @param r0        double, the r0 rate\n     * @param symptoms  ArrayList<String>, list of symptoms\n     */\n    public Virus(String family, String species, double r0, ArrayList<String> symptoms) {\n        this.family = family;\n        this.species = species;\n        this.r0 = r0;\n        this.symptoms = symptoms;\n    }\n\n    /**\n     * Update characteristics of the Virus.\n     *\n     * @param newR0         double, the new r0 value\n     * @param newSymptoms   ArrayList<String>, new list of symptoms\n     */\n    public void evolve(double newR0, ArrayList<String> newSymptoms) {\n        r0 = newR0;\n        symptoms = newSymptoms;\n    }\n\n    /**\n     * Get Virus symptoms.\n     *\n     * @return  String, list of symptoms\n     */\n    public ArrayList<String> getSymptoms() {\n        return symptoms;\n    }\n\n    /**\n     * Get Virus r0.\n     *\n     * @return  double, the r0 value\n     */\n    public double getR0() {\n        return r0;\n    }\n\n    /**\n     * Get Virus family.\n     *\n     * @return  String, the family\n     */\n    public String getFamily() {\n        return family;\n    }\n\n    /**\n     * Set Virus family.\n     *\n     * @param newFamily String, new family\n     */\n    public void setFamily(String newFamily) {\n        family = newFamily;\n    }\n\n    /**\n     * Get Virus species.\n     *\n     * @return  String, the species\n     */\n    public String getSpecies() {\n        return species;\n    }\n\n    /**\n     * Set Virus species.\n     *\n     * @param newSpecies    String, new species\n     */\n    public void setSpecies(String newSpecies) {\n        species = newSpecies;\n    }\n}\n"
            }
          },
          "description_text" : "<html>\n<head>\n    <style type =\"text/css\">\n       .footer{\n           position: fixed;\n           text-align: left;\n           line-height: 1.5;\n           bottom: 0px;\n           left: 5px;\n           width: 100%;\n       }\n        </style>\n    <style type =\"text/css\">\n       .body {\n           padding-bottom: 200px;\n       }\n    </style>\n</head>\n<body>\n<div class=\"body\">\n    <h1>Lab 5 - Inheritance</h1>\n    <p>Authors: <strong>Martin Klamrowski</strong>, <strong>Cristina Ruiz Martin</strong></p>\n    <p>Relevant textbook reading - <strong>Chapter 7</strong> (The Object Oriented Thought Process)</p>\n    <h3>~3.0 Composition~</h3>\n    <p>\n        Composition is another relationship used to describe how objects interact. Composition is often described as a\n        \"part-of\" or \"has-a\" relationship. Inheritance, for contrast, is often described as an \"is-a\" relationship.\n    </p>\n    <p>\n        We have already created a number of composition relationships in previous labs and this one. For example, a\n        Virus is composed of Strings, among other things. This is a composition relationship because the various String\n        objects exist as fields in any instance of Virus. This means Virus has a dependence on the String class.\n    </p>\n    <h3>~Task 3.1~</h3>\n    <p>\n        Answer the MC question below.\n    </p>\n\n</div>\n\n</body>\n<div class=\"footer\">\n    <p>\n        <strong>Question:</strong> Generally, composition should be favoured over inheritance, what are some reasons\n        for this?\n    </p>\n</div>\n\n</html>",
          "description_format" : "HTML",
          "feedback_link" : {
            "link_type" : "STEPIK"
          },
          "task_type" : "choice"
        },
        {
          "choiceOptions" : [
            {
              "text" : "An aggregation relationship means the contained object can exist without the containing object. For composition this is not true.",
              "status" : "CORRECT"
            },
            {
              "text" : "The difference is not very important, especially when it comes to programming in Java.",
              "status" : "CORRECT"
            },
            {
              "text" : "Aggregation is referred to as a \"has-a\" relationship. Composition is referred to as a \"part-of\" relationship.",
              "status" : "CORRECT"
            }
          ],
          "isMultipleChoice" : true,
          "name" : "3.2",
          "files" : {
            "src/Virus.java" : {
              "name" : "src/Virus.java",
              "placeholders" : [ ],
              "is_visible" : true,
              "text" : "import java.util.ArrayList;\n\n/**\n * A Virus.\n */\npublic class Virus {\n\n    private String family;\n    private String species;\n    private double r0;\n    private ArrayList<String> symptoms;\n\n    /**\n     * Default constructor.\n     */\n    public Virus() {\n        this(\"\", \"\", 1.0, new ArrayList<String>());\n    }\n\n    /**\n     * Constructor for a Virus.\n     *\n     * @param family    String, the family\n     * @param species   String, the species\n     */\n    public Virus(String family, String species) {\n        this(family, species, 1.0, new ArrayList<String>());\n    }\n\n    /**\n     * Constructor for a Virus.\n     *\n     * @param family    String, the family\n     * @param species   String, the species\n     * @param r0        double, the r0 rate\n     */\n    public Virus(String family, String species, double r0) {\n        this(family, species, r0, new ArrayList<String>());\n    }\n\n    /**\n     * Constructor for a Virus.\n     *\n     * @param family    String, the family\n     * @param species   String, the species\n     * @param symptoms  ArrayList<String>, list of symptoms\n     */\n    public Virus(String family, String species, ArrayList<String> symptoms) {\n        this(family, species, 1.0, symptoms);\n    }\n\n    /**\n     * Constructor for a Virus.\n     *\n     * @param family    String, the family\n     * @param species   String, the species\n     * @param r0        double, the r0 rate\n     * @param symptoms  ArrayList<String>, list of symptoms\n     */\n    public Virus(String family, String species, double r0, ArrayList<String> symptoms) {\n        this.family = family;\n        this.species = species;\n        this.r0 = r0;\n        this.symptoms = symptoms;\n    }\n\n    /**\n     * Update characteristics of the Virus.\n     *\n     * @param newR0         double, the new r0 value\n     * @param newSymptoms   ArrayList<String>, new list of symptoms\n     */\n    public void evolve(double newR0, ArrayList<String> newSymptoms) {\n        r0 = newR0;\n        symptoms = newSymptoms;\n    }\n\n    /**\n     * Get Virus symptoms.\n     *\n     * @return  String, list of symptoms\n     */\n    public ArrayList<String> getSymptoms() {\n        return symptoms;\n    }\n\n    /**\n     * Get Virus r0.\n     *\n     * @return  double, the r0 value\n     */\n    public double getR0() {\n        return r0;\n    }\n\n    /**\n     * Get Virus family.\n     *\n     * @return  String, the family\n     */\n    public String getFamily() {\n        return family;\n    }\n\n    /**\n     * Set Virus family.\n     *\n     * @param newFamily String, new family\n     */\n    public void setFamily(String newFamily) {\n        family = newFamily;\n    }\n\n    /**\n     * Get Virus species.\n     *\n     * @return  String, the species\n     */\n    public String getSpecies() {\n        return species;\n    }\n\n    /**\n     * Set Virus species.\n     *\n     * @param newSpecies    String, new species\n     */\n    public void setSpecies(String newSpecies) {\n        species = newSpecies;\n    }\n}\n"
            }
          },
          "description_text" : "<html>\n<head>\n    <style type =\"text/css\">\n       .footer{\n           position: fixed;\n           text-align: left;\n           line-height: 1.5;\n           bottom: 0px;\n           left: 5px;\n           width: 100%;\n       }\n        </style>\n    <style type =\"text/css\">\n       .body {\n           padding-bottom: 200px;\n       }\n    </style>\n</head>\n<body>\n<div class=\"body\">\n    <h1>Lab 5 - Inheritance</h1>\n    <p>Authors: <strong>Martin Klamrowski</strong>, <strong>Cristina Ruiz Martin</strong></p>\n    <p>Relevant textbook reading - <strong>Chapter 7</strong> (The Object Oriented Thought Process)</p>\n    <h3>~3.0 Composition~</h3>\n    <p>\n        Composition is another relationship used to describe how objects interact. Composition is often described as a\n        \"part-of\" or \"has-a\" relationship. Inheritance, for contrast, is often described as an \"is-a\" relationship.\n    </p>\n    <p>\n        We have already created a number of composition relationships in previous labs and this one. For example, a\n        Virus is composed of Strings, among other things. This is a composition relationship because the various String\n        objects exist as fields in any instance of Virus. This means Virus has a dependence on the String class.\n    </p>\n    <h3>~Task 3.2~</h3>\n    <p>\n        Answer the MC question below.\n    </p>\n\n</div>\n\n</body>\n<div class=\"footer\">\n    <p>\n        <strong>Question:</strong> What is the difference between composition and aggregation?\n    </p>\n</div>\n\n</html>",
          "description_format" : "HTML",
          "feedback_link" : {
            "link_type" : "STEPIK"
          },
          "task_type" : "choice"
        }
      ],
      "type" : "lesson"
    },
    {
      "title" : "4.0 Lab Problem",
      "task_list" : [
        {
          "name" : "4.1",
          "files" : {
            "src/Main.java" : {
              "name" : "src/Main.java",
              "placeholders" : [ ],
              "is_visible" : true,
              "text" : "public class Main {\n   public static void main(String[] args) {\n      // the floor is yours\n\n   }\n}"
            },
            "src/Virus.java" : {
              "name" : "src/Virus.java",
              "placeholders" : [ ],
              "is_visible" : true,
              "text" : "import java.util.ArrayList;\n\n/**\n * A Virus.\n */\npublic class Virus {\n\n    private String family;\n    private String species;\n    private double r0;\n    private ArrayList<String> symptoms;\n\n    /**\n     * Default constructor.\n     */\n    public Virus() {\n        this(\"\", \"\", 1.0, new ArrayList<String>());\n    }\n\n    /**\n     * Constructor for a Virus.\n     *\n     * @param family    String, the family\n     * @param species   String, the species\n     */\n    public Virus(String family, String species) {\n        this(family, species, 1.0, new ArrayList<String>());\n    }\n\n    /**\n     * Constructor for a Virus.\n     *\n     * @param family    String, the family\n     * @param species   String, the species\n     * @param r0        double, the r0 rate\n     */\n    public Virus(String family, String species, double r0) {\n        this(family, species, r0, new ArrayList<String>());\n    }\n\n    /**\n     * Constructor for a Virus.\n     *\n     * @param family    String, the family\n     * @param species   String, the species\n     * @param symptoms  ArrayList<String>, list of symptoms\n     */\n    public Virus(String family, String species, ArrayList<String> symptoms) {\n        this(family, species, 1.0, symptoms);\n    }\n\n    /**\n     * Constructor for a Virus.\n     *\n     * @param family    String, the family\n     * @param species   String, the species\n     * @param r0        double, the r0 rate\n     * @param symptoms  ArrayList<String>, list of symptoms\n     */\n    public Virus(String family, String species, double r0, ArrayList<String> symptoms) {\n        this.family = family;\n        this.species = species;\n        this.r0 = r0;\n        this.symptoms = symptoms;\n    }\n\n    /**\n     * Update characteristics of the Virus.\n     *\n     * @param newR0         double, the new r0 value\n     * @param newSymptoms   ArrayList<String>, new list of symptoms\n     */\n    public void evolve(double newR0, ArrayList<String> newSymptoms) {\n        r0 = newR0;\n        symptoms = newSymptoms;\n    }\n\n    /**\n     * Get Virus symptoms.\n     *\n     * @return  String, list of symptoms\n     */\n    public ArrayList<String> getSymptoms() {\n        return symptoms;\n    }\n\n    /**\n     * Get Virus r0.\n     *\n     * @return  double, the r0 value\n     */\n    public double getR0() {\n        return r0;\n    }\n\n    /**\n     * Get Virus family.\n     *\n     * @return  String, the family\n     */\n    public String getFamily() {\n        return family;\n    }\n\n    /**\n     * Set Virus family.\n     *\n     * @param newFamily String, new family\n     */\n    public void setFamily(String newFamily) {\n        family = newFamily;\n    }\n\n    /**\n     * Get Virus species.\n     *\n     * @return  String, the species\n     */\n    public String getSpecies() {\n        return species;\n    }\n\n    /**\n     * Set Virus species.\n     *\n     * @param newSpecies    String, new species\n     */\n    public void setSpecies(String newSpecies) {\n        species = newSpecies;\n    }\n}\n"
            }
          },
          "description_text" : "<html>\n<head>\n    <style type =\"text/css\">\n        .footer {\n            position: fixed;\n            text-align: left;\n            bottom: 0px;\n            left: 5px;\n            width: 100%;\n        }\n    </style>\n    <style type =\"text/css\">\n       .body {\n            padding-bottom: 50px;\n       }\n    </style>\n    <style>\n       .preamble {\n            border: 5px rgb(255, 0, 0) dashed;\n            padding: 5px;\n            display: block;\n       }\n    </style>\n</head>\n<body>\n<div class=\"body\">\n    <h1>Lab 5 - Inheritance</h1>\n    <p>Authors: <strong>Martin Klamrowski</strong>, <strong>Cristina Ruiz Martin</strong></p>\n    <p>Relevant textbook reading - <strong>Chapter 7</strong> (The Object Oriented Thought Process)</p>\n    <h3>~4.0 Lab Problem~</h3>\n    <div class=\"preamble\">\n        <p>\n            You must submit your solution to this problem on CuLearn.\n            <strong>\n                YOU MUST INCLUDE YOUR FULL NAME AND STUDENT NUMBER IN COMMENTS AT THE\n                HEAD OF EVERY FILE YOU SUBMIT\n            </strong>.\n        </p>\n        <p>\n            Submit <strong><u><i>ONLY</i></u></strong> the files specified at the end of this big red box. The files\n            and code within should be completed according to the specifications made <i>throughout</i> the Lab, and only\n            the final versions should be submitted. I.e., if Task 55.23 tells you to add accessor methods to MyClass,\n            you are required to include that code if MyClass needs to be submitted as part of the solution to the\n            Lab Problem (<strong>unless</strong> a later Task or the Lab Problem state otherwise).\n        </p>\n        <p>\n            Do not include redundant methods. Do not include methods that are not asked for or necessary. Some Lab\n            Problems will not explicitly state you need accessor methods, but these methods may be necessary.\n        </p>\n        <p>\n            Now that you have learned how to document code, you need to document your classes for full marks!\n            <strong>This is applicable from Lab 4 until the end of the course.</strong>\n        </p>\n        <p>\n            If you choose to complete the problem in this environment, the files can be\n            retrieved by right-clicking '4.0 Lab Problem'>Show in Files/Explorer.\n        </p>\n        <p>\n            Submit <strong>Person.java</strong>, <strong>InfectedPerson.java</strong>, <strong>Corona.java</strong>\n            when you are done.\n        </p>\n    </div>\n    <h3>~Problem 4.1~</h3>\n    <p>\n        You will apply the concepts you have learned in this lab. Your task will be to develop two\n        new classes (<strong>Person</strong> and <strong>InfectedPerson</strong>), which will interact with the Corona\n        class you completed from before.\n    </p>\n    <p>\n        <i>Notes:</i>\n    </p>\n    <ul>\n        <li>\n            <i>You are not allowed to modify</i> <code>Virus.java</code><i>.</i>\n        </li>\n        <li>\n            <i>You will need your completed solution for the Corona class from 2.3.</i>\n        </li>\n        <li>\n            <i>Where you are unsure, use your judgment or make an assumption.</i>\n        </li>\n        <li>\n            <i>All your classes require complete Javadoc document comments.</i>\n        </li>\n    </ul>\n    <p>\n        <strong>Person</strong>:\n    </p>\n    <ul>\n        <li>\n            Person should have fields for: <code>name</code>, <code>age</code> (Integer).\n        </li>\n        <li>\n            There should be accessor and setter methods for all the above fields.\n        </li>\n        <li>\n            Person has two constructors:\n            <ol>\n                <li>\n                    A default constructor which initializes the respective fields to <code>\"\"</code>, <code>0</code>.\n                </li>\n                <li>\n                    An overloaded constructor which takes both fields as parameters and initializes accordingly.\n                </li>\n            </ol>\n        </li>\n    </ul>\n    <p>\n        <strong>InfectedPerson</strong>:\n    </p>\n    <ul>\n        <li>\n            InfectedPerson is a subclass of Person.\n        </li>\n        <li>\n            InfectedPerson should have fields for: <code>underlyingConditions</code>, <code>symptoms</code> (both\n            ArrayLists), and <code>diagnosis</code> (of type Corona).\n        </li>\n        <li>\n            InfectedPerson should have two constructors:\n            <ol>\n                <li>\n                    A constructor that takes as parameters all the fields specific to InfectedPerson except\n                    <code>diagnosis</code>. <code>diagnosis</code> should always be initialized to <code>null</code>.\n                </li>\n                <li>\n                    A second constructor that takes as parameters all the fields specific to InfectedPerson (except\n                    <code>diagnosis</code>),\n                    <strong>+</strong> <code>name</code> and <code>age</code>.\n                </li>\n            </ol>\n            <i>Remember your calls to</i> <code>super()</code><i>, there should never be an uninitialized field!</i>\n        </li>\n        <li>\n            InfectedPerson needs accessor methods for all its fields.\n        </li>\n        <li>\n            InfectedPerson needs mutator methods for <code>underlyingConditions</code>, <code>symptoms</code>. These\n            methods should take String parameters and add the supplied values to the respective ArrayList.\n            <br><i>You MUST check for duplicates before adding!</i>\n        </li>\n        <li>\n            <p>\n                InfectedPerson has a method called <code>isSymptomatic()</code>. This method takes a Corona object as a\n                parameter. An InfectedPerson is said to be symptomatic if they have <strong>at least</strong> 75% of the\n                symptoms from the Corona object's <code>symptoms</code> field.\n                If the InfectedPerson does have at least 75% of the symptoms the <code>diagnosis</code> is set to\n                the Corona object, and a boolean <code>true</code> is returned. Otherwise, just return\n                <code>false</code>.\n            </p>\n        </li>\n    </ul>\n\n</div>\n</body>\n<div class=\"footer\">\n    <!--<strong>You can run your code here.</strong>-->\n</div>\n\n</html>",
          "description_format" : "HTML",
          "feedback_link" : {
            "link_type" : "STEPIK"
          },
          "task_type" : "theory"
        }
      ],
      "type" : "lesson"
    }
  ],
  "additional_files" : [
    {
      "name" : "build.gradle",
      "placeholders" : [ ],
      "is_visible" : true,
      "text" : "buildscript {\n    repositories {\n        mavenCentral()\n    }\n}\n\ndef printOutput(def output) {\n    return tasks.create(\"printOutput\") {\n        for (line in output.toString().readLines()) {\n            println \"#educational_plugin\" + line\n        }\n    }\n}\n\nsubprojects {\n    apply plugin: 'application'\n    apply plugin: 'java'\n\n    sourceCompatibility = 1.8\n\n    repositories {\n        mavenCentral()\n    }\n\n    dependencies {\n        testCompile group: 'junit', name: 'junit', version: '4.12'\n    }\n\n    sourceSets {\n        main {\n            java.srcDir 'src'\n        }\n        test {\n            java.srcDir 'test'\n        }\n    }\n\n    mainClassName = project.hasProperty(\"mainClass\") ? project.getProperty(\"mainClass\") : \"\"\n\n    def runOutput = new ByteArrayOutputStream()\n    tasks.run.setStandardOutput(runOutput)\n    tasks.run.doLast { printOutput(runOutput) }\n}\n\nproject(':util') {\n    dependencies {\n        compile group: 'junit', name: 'junit', version: '4.12'\n    }\n}\n\nconfigure(subprojects.findAll {it.name != 'util'}) {\n  dependencies {\n    compile project(':util').sourceSets.main.output\n    testCompile project(':util').sourceSets.test.output\n  }\n}\n"
    }
  ],
  "version" : 11
}