{
  "summary" : "SYSC2004 (WN2021) - Lab 1",
  "title" : "Lab 1 - Objects, State, Methods",
  "authors" : [
    "MK"
  ],
  "programming_language" : "JAVA",
  "language" : "en",
  "course_type" : "PyCharm",
  "items" : [
    {
      "title" : "1.0 Objects in Java",
      "task_list" : [
        {
          "choiceOptions" : [
            {
              "text" : "2",
              "status" : "CORRECT"
            },
            {
              "text" : "0",
              "status" : "INCORRECT"
            },
            {
              "text" : "6",
              "status" : "INCORRECT"
            },
            {
              "text" : "3",
              "status" : "INCORRECT"
            }
          ],
          "isMultipleChoice" : false,
          "name" : "1.1",
          "files" : {
            "src/Main.java" : {
              "name" : "src/Main.java",
              "placeholders" : [ ],
              "is_visible" : true,
              "text" : "public class Main {\n   public static void main(String[] args) {\n      // nothing needed here :)\n   }\n}"
            },
            "src/Student.java" : {
              "name" : "src/Student.java",
              "placeholders" : [ ],
              "is_visible" : true,
              "text" : "import java.util.ArrayList;\n\npublic class Student {\n    private String name;                        // the student's name\n    private String id;                          // the student's id number\n    private ArrayList<Course> courses;          // courses the student is enrolled in\n    private boolean fullLoad;                   // does the student have a full course load?\n\n    /**\n     * Create a new student with the supplied attributes. Courses and fullLoad are defaulted to 0/false.\n     */\n    public Student(String name, String id) {\n        this.name = name;\n        this.id = id;\n        courses = new ArrayList<>();            // new empty ArrayList\n        fullLoad = false;\n    }\n\n    /**\n     * Get the name of this student.\n     */\n    public String getName() {\n        return name;\n    }\n\n    /**\n     * Set the name of this student.\n     */\n    public void setName(String newName) {\n        name = newName;\n    }\n\n    /**\n     * Get the id of this student.\n     */\n    public String getID() {\n        return id;\n    }\n\n    /**\n     * Set the id of this student.\n     */\n    public void setID(String newID) {\n        id = newID;\n    }\n\n    /**\n     * Add a course to this student's course list. A student can only be enrolled in 5 courses at a time.\n     */\n    public void addCourse(Course course) {\n        if (!fullLoad) {\n            courses.add(course);\n            if (courses.size() == 5) fullLoad = true;\n        }\n    }\n\n    /**\n     * Remove a course from this student's course list.\n     */\n    public void removeCourse(Course course) {\n        if (courses.remove(course)) fullLoad = false;\n    }\n\n    /**\n     * Print out the courses field.\n     */\n    public void printCourseList() {\n        for (Course c : courses) {\n            System.out.println(c.getTitle() + \" \" + c.getCode());\n        }\n    }\n}\n"
            },
            "src/Course.java" : {
              "name" : "src/Course.java",
              "placeholders" : [ ],
              "is_visible" : true,
              "text" : "public class Course {\n\n    private final String title;                     // title of the course\n    private final String code;                      // course code\n    private int numberOfStudents;                   // the number of students enrolled\n\n    /**\n     * Creates a new course with the supplied attributes. The number of students is by default 0.\n     */\n    public Course(String title, String code) {\n        this.title = title;\n        this.code = code;\n        numberOfStudents = 0;\n    }\n\n    /**\n     * Get this course's code.\n     */\n    public String getCode() {\n        return code;\n    }\n\n    /**\n     * Get this course's title.\n     */\n    public String getTitle() {\n        return title;\n    }\n\n    /**\n     * Increments the number of enrolled students. Returns the new number of enrolled students.\n     */\n    public int addNewStudent() {\n        numberOfStudents += 1;\n        return numberOfStudents;\n    }\n\n}\n"
            }
          },
          "description_text" : "<html>\n    <head>\n        <style type =\"text/css\">\n       .footer{\n           position: fixed;\n           text-align: left;\n           line-height: 1.5;\n           bottom: 0px;\n           left: 5px;\n           width: 100%;\n       }\n        </style>\n        <style type =\"text/css\">\n       .body {\n           padding-bottom: 50px;\n       }\n    </style>\n    </head>\n    <body>\n    <div class=\"body\">\n        <h1>Lab 1 - Objects, State, Methods</h1>\n        <p>Authors: <strong>Martin Klamrowski</strong>, <strong>Cristina Ruiz Martin</strong></p>\n        <p>Relevant textbook reading - <strong>Chapter 1</strong> (The Object Oriented Thought Process)</p>\n        <h3>~1.0 Objects in Java~</h3>\n        <p>\n            This section includes 3 files with 2 classes of interest, Student and Course. The <code>Main.java</code> file contains\n            the standard main method defining the entry point of our program. Note that you can also define the\n            <code>main()</code> method inside either of the other classes. For now, and for clarity, it will be kept\n            this way (do not worry about it too much right now, it just tells Java where to run the program from).\n        </p>\n        <p>\n            Look over both classes; identify the methods, fields, and constructor. Familiarize yourself with the syntax\n            for declaring a method: <code>&lt;access modifier&gt; &lt;return type&gt; &lt;methodName(parameters)&gt;</code>.\n        </p>\n        <p>\n            Can you find instances of any of the object-oriented programming principles being applied?\n        </p>\n        <h3>~Task 1.1~</h3>\n        <p>\n            Look over the provided classes and answer the MC question below to continue.\n        </p>\n    </div>\n\n    </body>\n    <div class=\"footer\">\n        <p>\n            <strong>Question: </strong>How many \"accessor\" methods can you identify in the Student class?\n        </p>\n    </div>\n\n</html>",
          "description_format" : "HTML",
          "feedback_link" : {
            "link_type" : "STEPIK"
          },
          "task_type" : "choice"
        },
        {
          "choiceOptions" : [
            {
              "text" : "They help our classes to be decoupled.",
              "status" : "INCORRECT"
            },
            {
              "text" : "They enforce encapsulation.",
              "status" : "INCORRECT"
            },
            {
              "text" : "They enable us to read and modify class fields/attributes.",
              "status" : "INCORRECT"
            },
            {
              "text" : "All of the above.",
              "status" : "CORRECT"
            }
          ],
          "isMultipleChoice" : false,
          "name" : "1.2",
          "files" : {
            "src/Main.java" : {
              "name" : "src/Main.java",
              "placeholders" : [ ],
              "is_visible" : true,
              "text" : "public class Main {\n   public static void main(String[] args) {\n      // nothing to see here :)\n   }\n}"
            },
            "src/Student.java" : {
              "name" : "src/Student.java",
              "placeholders" : [ ],
              "is_visible" : true,
              "text" : "import java.util.ArrayList;\n\npublic class Student {\n    private String name;                        // the student's name\n    private String id;                          // the student's id number\n    private ArrayList<Course> courses;          // courses the student is enrolled in\n    private boolean fullLoad;                   // does the student have a full course load?\n\n    /**\n     * Create a new student with the supplied attributes. Courses and fullLoad are defaulted to 0/false.\n     */\n    public Student(String name, String id) {\n        this.name = name;\n        this.id = id;\n        courses = new ArrayList<>();            // new empty ArrayList\n        fullLoad = false;\n    }\n\n    /**\n     * Get the name of this student.\n     */\n    public String getName() {\n        return name;\n    }\n\n    /**\n     * Set the name of this student.\n     */\n    public void setName(String newName) {\n        name = newName;\n    }\n\n    /**\n     * Get the id of this student.\n     */\n    public String getID() {\n        return id;\n    }\n\n    /**\n     * Set the id of this student.\n     */\n    public void setID(String newID) {\n        id = newID;\n    }\n\n    /**\n     * Add a course to this student's course list. A student can only be enrolled in 5 courses at a time.\n     */\n    public void addCourse(Course course) {\n        if (!fullLoad) {\n            courses.add(course);\n            if (courses.size() == 5) fullLoad = true;\n        }\n    }\n\n    /**\n     * Remove a course from this student's course list.\n     */\n    public void removeCourse(Course course) {\n        if (courses.remove(course)) fullLoad = false;\n    }\n\n    /**\n     * Print out the courses field.\n     */\n    public void printCourseList() {\n        for (Course c : courses) {\n            System.out.println(c.getTitle() + \" \" + c.getCode());\n        }\n    }\n}\n"
            },
            "src/Course.java" : {
              "name" : "src/Course.java",
              "placeholders" : [ ],
              "is_visible" : true,
              "text" : "public class Course {\n\n    private final String title;                     // title of the course\n    private final String code;                      // course code\n    private int numberOfStudents;                   // the number of students enrolled\n\n    /**\n     * Creates a new course with the supplied attributes. The number of students is by default 0.\n     */\n    public Course(String title, String code) {\n        this.title = title;\n        this.code = code;\n        numberOfStudents = 0;\n    }\n\n    /**\n     * Get this course's code.\n     */\n    public String getCode() {\n        return code;\n    }\n\n    /**\n     * Get this course's title.\n     */\n    public String getTitle() {\n        return title;\n    }\n\n    /**\n     * Increments the number of enrolled students. Returns the new number of enrolled students.\n     */\n    public int addNewStudent() {\n        numberOfStudents += 1;\n        return numberOfStudents;\n    }\n\n}\n"
            }
          },
          "description_text" : "<html>\n<head>\n    <style type =\"text/css\">\n       .footer{\n           position: fixed;\n           text-align: left;\n           line-height: 1.5;\n           bottom: 0px;\n           left: 5px;\n           width: 100%;\n       }\n        </style>\n    <style type =\"text/css\">\n       .body {\n           padding-bottom: 50px;\n       }\n    </style>\n</head>\n<body>\n<div class=\"body\">\n    <h1>Lab 1 - Objects, State, Methods</h1>\n    <p>Authors: <strong>Martin Klamrowski</strong>, <strong>Cristina Ruiz Martin</strong></p>\n    <p>Relevant textbook reading - <strong>Chapter 1</strong> (The Object Oriented Thought Process)</p>\n    <h3>~1.0 Objects in Java~</h3>\n    <p>\n        This section includes 3 files with 2 classes of interest, Student and Course. The <code>Main.java</code> file contains\n        the standard main method defining the entry point of our program. Note that you can also define the\n        <code>main()</code> method inside either of the other classes. For now, and for clarity, it will be kept\n        this way (do not worry about it too much right now, it just tells Java where to run the program from).\n    </p>\n    <p>\n        Look over both classes; identify the methods, fields, and constructor. Familiarize yourself with the syntax\n        for declaring a method: <code>&lt;access modifier&gt; &lt;return type&gt; &lt;methodName(parameters)&gt;</code>.\n    </p>\n    <p>\n        Can you find instances of any of the object-oriented programming principles being applied?\n    </p>\n    <h3>~Task 1.2~</h3>\n    <p>\n        Look over the provided classes and answer the MC question below to continue.\n    </p>\n</div>\n</body>\n<div class=\"footer\">\n    <strong>Question: </strong>Why do we have \"accessor\" and \"mutator\" methods?\n</div>\n\n</html>",
          "description_format" : "HTML",
          "feedback_link" : {
            "link_type" : "STEPIK"
          },
          "task_type" : "choice"
        },
        {
          "choiceOptions" : [
            {
              "text" : "name=\"James\", id=\"100010001\"",
              "status" : "INCORRECT"
            },
            {
              "text" : "The object hasn't been used yet, therefore it has no state.",
              "status" : "INCORRECT"
            },
            {
              "text" : "name=\"James\", id=\"100010001\", courses={}, fullLoad=false",
              "status" : "CORRECT"
            }
          ],
          "isMultipleChoice" : false,
          "name" : "1.3",
          "files" : {
            "src/Main.java" : {
              "name" : "src/Main.java",
              "placeholders" : [ ],
              "is_visible" : true,
              "text" : "public class Main {\n   public static void main(String[] args) {\n\n      // initialize a new Student object\n      Student s1 = new Student(\"James\", \"100010001\");\n   }\n}"
            },
            "src/Course.java" : {
              "name" : "src/Course.java",
              "placeholders" : [ ],
              "is_visible" : true,
              "text" : "public class Course {\n\n    private final String title;                     // title of the course\n    private final String code;                      // course code\n    private int numberOfStudents;                   // the number of students enrolled\n\n    /**\n     * Creates a new course with the supplied attributes. The number of students is by default 0.\n     */\n    public Course(String title, String code) {\n        this.title = title;\n        this.code = code;\n        numberOfStudents = 0;\n    }\n\n    /**\n     * Get this course's code.\n     */\n    public String getCode() {\n        return code;\n    }\n\n    /**\n     * Get this course's title.\n     */\n    public String getTitle() {\n        return title;\n    }\n\n    /**\n     * Increments the number of enrolled students. Returns the new number of enrolled students.\n     */\n    public int addNewStudent() {\n        numberOfStudents += 1;\n        return numberOfStudents;\n    }\n\n}\n"
            },
            "src/Student.java" : {
              "name" : "src/Student.java",
              "placeholders" : [ ],
              "is_visible" : true,
              "text" : "import java.util.ArrayList;\n\npublic class Student {\n    private String name;                        // the student's name\n    private String id;                          // the student's id number\n    private ArrayList<Course> courses;          // courses the student is enrolled in\n    private boolean fullLoad;                   // does the student have a full course load?\n\n    /**\n     * Create a new student with the supplied attributes. Courses and fullLoad are defaulted to 0/false.\n     */\n    public Student(String name, String id) {\n        this.name = name;\n        this.id = id;\n        courses = new ArrayList<>();            // new empty ArrayList\n        fullLoad = false;\n    }\n\n    /**\n     * Get the name of this student.\n     */\n    public String getName() {\n        return name;\n    }\n\n    /**\n     * Set the name of this student.\n     */\n    public void setName(String newName) {\n        name = newName;\n    }\n\n    /**\n     * Get the id of this student.\n     */\n    public String getID() {\n        return id;\n    }\n\n    /**\n     * Set the id of this student.\n     */\n    public void setID(String newID) {\n        id = newID;\n    }\n\n    /**\n     * Add a course to this student's course list. A student can only be enrolled in 5 courses at a time.\n     */\n    public void addCourse(Course course) {\n        if (!fullLoad) {\n            courses.add(course);\n            if (courses.size() == 5) fullLoad = true;\n        }\n    }\n\n    /**\n     * Remove a course from this student's course list.\n     */\n    public void removeCourse(Course course) {\n        if (courses.remove(course)) fullLoad = false;\n    }\n\n    /**\n     * Print out the courses field.\n     */\n    public void printCourseList() {\n        for (Course c : courses) {\n            System.out.println(c.getTitle() + \" \" + c.getCode());\n        }\n    }\n}\n"
            }
          },
          "description_text" : "<html>\n<head>\n    <style type =\"text/css\">\n       .footer{\n           position: fixed;\n           text-align: left;\n           line-height: 1.5;\n           bottom: 0px;\n           left: 5px;\n           width: 100%;\n       }\n        </style>\n    <style type =\"text/css\">\n       .body {\n           padding-bottom: 50px;\n       }\n    </style>\n</head>\n<body>\n<div class=\"body\">\n    <h1>Lab 1 - Objects, State, Methods</h1>\n    <p>Authors: <strong>Martin Klamrowski</strong>, <strong>Cristina Ruiz Martin</strong></p>\n    <p>Relevant textbook reading - <strong>Chapter 1</strong> (The Object Oriented Thought Process)</p>\n    <h3>~1.0 Objects in Java~</h3>\n    <p>\n        This section includes 3 files with 2 classes of interest, Student and Course. The <code>Main.java</code> file contains\n        the standard main method defining the entry point of our program. Note that you can also define the\n        <code>main()</code> method inside either of the other classes. For now, and for clarity, it will be kept\n        this way (do not worry about it too much right now, it just tells Java where to run the program from).\n    </p>\n    <p>\n        Look over both classes; identify the methods, fields, and constructor. Familiarize yourself with the syntax\n        for declaring a method: <code>&lt;access modifier&gt; &lt;return type&gt; &lt;methodName(parameters)&gt;</code>.\n    </p>\n    <p>\n        Can you find instances of any of the object-oriented programming principles being applied?\n    </p>\n    <h3>~Task 1.3~</h3>\n    <p>\n        Look over the provided classes and answer the MC question below to continue.\n    </p>\n    <div class=\"hint\">\n        <p>\n            You can do some digging by tapping into some of Student's methods and pressing\n            the little green arrow displayed to the left of the main method declaration (on line\n            2) to run your code.\n        </p>\n        <p>\n            <code>s1.getName()</code>\n            <code>s1.getID()</code>\n            <code>s1.printCourseList()</code>\n        </p>\n    </div>\n</div>\n</body>\n<div class=\"footer\">\n    <strong>Question: </strong>Look inside the main method. What will be the \"state\" of the object s1 after the\n    code at line 5 is run?\n</div>\n\n</html>",
          "description_format" : "HTML",
          "feedback_link" : {
            "link_type" : "STEPIK"
          },
          "task_type" : "choice"
        },
        {
          "name" : "1.4",
          "files" : {
            "src/Main.java" : {
              "name" : "src/Main.java",
              "placeholders" : [
                {
                  "offset" : 687,
                  "length" : 35,
                  "possible_answer" : "System.out.println(s1.getFullLoad());",
                  "placeholder_text" : "print out the call to getFullLoad()"
                },
                {
                  "offset" : 856,
                  "length" : 35,
                  "possible_answer" : "System.out.println(s1.getFullLoad());",
                  "placeholder_text" : "print out the call to getFullLoad()"
                }
              ],
              "is_visible" : true,
              "text" : "public class Main {\n   public static void main(String[] args) {\n\n      // initialize a new Student object\n      Student s1 = new Student(\"James\", \"100010001\");\n\n      // creating some courses\n      Course course1 = new Course(\"ML\", \"sysc4906\");\n      Course course2 = new Course(\"QM\", \"elec4705\");\n      Course course3 = new Course(\"OOP\", \"sysc2004\");\n      Course course4 = new Course(\"C\", \"sysc2006\");\n      Course course5 = new Course(\"OR\", \"sysc3200\");\n\n      // adding the student to all these courses\n      s1.addCourse(course1);\n      s1.addCourse(course2);\n      s1.addCourse(course3);\n      s1.addCourse(course4);\n\n      // add a call to your created accessor method here\n      print out the call to getFullLoad()\n\n      // adding the final course\n      s1.addCourse(course5);\n\n      // add another call to your created accessor method here\n      print out the call to getFullLoad()\n   }\n}"
            },
            "test/output.txt" : {
              "name" : "test/output.txt",
              "placeholders" : [ ],
              "is_visible" : false,
              "text" : "false\ntrue\n"
            },
            "src/Student.java" : {
              "name" : "src/Student.java",
              "placeholders" : [
                {
                  "offset" : 763,
                  "length" : 18,
                  "possible_answer" : "public boolean getFullLoad() {\n        return fullLoad;\n    }",
                  "placeholder_text" : "make getFullLoad()"
                }
              ],
              "is_visible" : true,
              "text" : "import java.util.ArrayList;\n\npublic class Student {\n    private String name;                        // the student's name\n    private String id;                          // the student's id number\n    private ArrayList<Course> courses;          // courses the student is enrolled in\n    private boolean fullLoad;                   // does the student have a full course load?\n\n    /**\n     * Create a new student with the supplied attributes. Courses and fullLoad are defaulted to 0/false.\n     */\n    public Student(String name, String id) {\n        this.name = name;\n        this.id = id;\n        courses = new ArrayList<>();            // new empty ArrayList\n        fullLoad = false;\n    }\n\n    /**\n     * Get the fullLoad status of this student.\n     */\n    make getFullLoad()\n\n    /**\n     * Get the name of this student.\n     */\n    public String getName() {\n        return name;\n    }\n\n    /**\n     * Set the name of this student.\n     */\n    public void setName(String newName) {\n        name = newName;\n    }\n\n    /**\n     * Get the id of this student.\n     */\n    public String getID() {\n        return id;\n    }\n\n    /**\n     * Set the id of this student.\n     */\n    public void setID(String newID) {\n        id = newID;\n    }\n\n    /**\n     * Add a course to this student's course list. A student can only be enrolled in 5 courses at a time.\n     */\n    public void addCourse(Course course) {\n        if (!fullLoad) {\n            courses.add(course);\n            if (courses.size() == 5) fullLoad = true;\n        }\n    }\n\n    /**\n     * Remove a course from this student's course list.\n     */\n    public void removeCourse(Course course) {\n        if (courses.remove(course)) fullLoad = false;\n    }\n\n    /**\n     * Print out the courses field.\n     */\n    public void printCourseList() {\n        for (Course c : courses) {\n            System.out.println(c.getTitle() + \" \" + c.getCode());\n        }\n    }\n}\n"
            },
            "src/Course.java" : {
              "name" : "src/Course.java",
              "placeholders" : [ ],
              "is_visible" : true,
              "text" : "public class Course {\n\n    private final String title;                     // title of the course\n    private final String code;                      // course code\n    private int numberOfStudents;                   // the number of students enrolled\n\n    /**\n     * Creates a new course with the supplied attributes. The number of students is by default 0.\n     */\n    public Course(String title, String code) {\n        this.title = title;\n        this.code = code;\n        numberOfStudents = 0;\n    }\n\n    /**\n     * Get this course's code.\n     */\n    public String getCode() {\n        return code;\n    }\n\n    /**\n     * Get this course's title.\n     */\n    public String getTitle() {\n        return title;\n    }\n\n    /**\n     * Increments the number of enrolled students. Returns the new number of enrolled students.\n     */\n    public int addNewStudent() {\n        numberOfStudents += 1;\n        return numberOfStudents;\n    }\n\n}\n"
            }
          },
          "description_text" : "<html>\n<head>\n    <style type =\"text/css\">\n       .footer{\n           position: fixed;\n           text-align: left;\n           line-height: 1.5;\n           bottom: 0px;\n           left: 5px;\n           width: 100%;\n       }\n        </style>\n    <style type =\"text/css\">\n       .body {\n           padding-bottom: 50px;\n       }\n    </style>\n</head>\n<body>\n<div class=\"body\">\n    <h1>Lab 1 - Objects, State, Methods</h1>\n    <p>Authors: <strong>Martin Klamrowski</strong>, <strong>Cristina Ruiz Martin</strong></p>\n    <p>Relevant textbook reading - <strong>Chapter 1</strong> (The Object Oriented Thought Process)</p>\n    <h3>~1.0 Objects in Java~</h3>\n    <p>\n        This section includes 3 files with 2 classes of interest, Student and Course. The <code>Main.java</code> file contains\n        the standard main method defining the entry point of our program. Note that you can also define the\n        <code>main()</code> method inside either of the other classes. For now, and for clarity, it will be kept\n        this way (do not worry about it too much right now, it just tells Java where to run the program from).\n    </p>\n    <p>\n        Look over both classes; identify the methods, fields, and constructor. Familiarize yourself with the syntax\n        for declaring a method: <code>&lt;access modifier&gt; &lt;return type&gt; &lt;methodName(parameters)&gt;</code>.\n    </p>\n    <p>\n        Can you find instances of any of the object-oriented programming principles being applied?\n    </p>\n    <h3>~Task 1.4~</h3>\n    <p>\n        We are going to use our Student \"James\" from 1.3 to see what we can do with accessor and mutator methods.\n    </p>\n    <p>\n        In the main method we created our Student \"James\" and added him to some courses. However, there is a problem.\n        There is no accessor method for our <code>fullLoad</code> attribute. Time to add one!\n    </p>\n    <p>\n        Go into the Student class and create a new accessor method called <code>getFullLoad()</code>. Pay attention\n        to your access modifiers and the return type (we want to return the actual value of the field, not print it out).\n    </p>\n    <p>Then back in <code>Main.java</code>, make two calls to your new method to test that it actually works.</p>\n</div>\n</body>\n<div class=\"footer\">\n    <strong>Run it!</strong>  Really try it before peeking the solution.\n</div>\n\n</html>",
          "description_format" : "HTML",
          "feedback_link" : {
            "link_type" : "STEPIK"
          },
          "task_type" : "output"
        },
        {
          "name" : "1.5",
          "files" : {
            "src/Main.java" : {
              "name" : "src/Main.java",
              "placeholders" : [ ],
              "is_visible" : true,
              "text" : "public class Main {\n   public static void main(String[] args) {\n\n      // write your solution here\n\n\n      // use the printCourseList() method here\n\n\n   }\n}"
            },
            "test/output.txt" : {
              "name" : "test/output.txt",
              "placeholders" : [ ],
              "is_visible" : false,
              "text" : "OOP sysc2004\nQM elec4705\n"
            },
            "src/Course.java" : {
              "name" : "src/Course.java",
              "placeholders" : [ ],
              "is_visible" : true,
              "text" : "public class Course {\n\n    private final String title;                     // title of the course\n    private final String code;                      // course code\n    private int numberOfStudents;                   // the number of students enrolled\n\n    /**\n     * Creates a new course with the supplied attributes. The number of students is by default 0.\n     */\n    public Course(String title, String code) {\n        this.title = title;\n        this.code = code;\n        numberOfStudents = 0;\n    }\n\n    /**\n     * Get this course's code.\n     */\n    public String getCode() {\n        return code;\n    }\n\n    /**\n     * Get this course's title.\n     */\n    public String getTitle() {\n        return title;\n    }\n\n    /**\n     * Increments the number of enrolled students.\n     */\n    public void addNewStudent() {\n        numberOfStudents += 1;\n    }\n}\n"
            },
            "src/Student.java" : {
              "name" : "src/Student.java",
              "placeholders" : [ ],
              "is_visible" : true,
              "text" : "import java.util.ArrayList;\n\npublic class Student {\n    private String name;                        // the student's name\n    private String id;                          // the student's id number\n    private ArrayList<Course> courses;          // courses the student is enrolled in\n    private boolean fullLoad;                   // does the student have a full course load?\n\n    /**\n     * Create a new student with the supplied attributes. Courses and fullLoad are defaulted to 0/false.\n     */\n    public Student(String name, String id) {\n        this.name = name;\n        this.id = id;\n        courses = new ArrayList<>();            // new empty ArrayList\n        fullLoad = false;\n    }\n\n    /**\n     * Get the name of this student.\n     */\n    public String getName() {\n        return name;\n    }\n\n    /**\n     * Set the name of this student.\n     */\n    public void setName(String newName) {\n        name = newName;\n    }\n\n    /**\n     * Get the id of this student.\n     */\n    public String getID() {\n        return id;\n    }\n\n    /**\n     * Set the id of this student.\n     */\n    public void setID(String newID) {\n        id = newID;\n    }\n\n    /**\n     * Add a course to this student's course list. A student can only be enrolled in 5 courses at a time.\n     */\n    public void addCourse(Course course) {\n        if (!fullLoad) {\n            courses.add(course);\n            if (courses.size() == 5) fullLoad = true;\n        }\n    }\n\n    /**\n     * Remove a course from this student's course list.\n     */\n    public void removeCourse(Course course) {\n        if (courses.remove(course)) fullLoad = false;\n    }\n\n    /**\n     * Print out the courses field.\n     */\n    public void printCourseList() {\n        for (Course c : courses) {\n            System.out.println(c.getTitle() + \" \" + c.getCode());\n        }\n    }\n}\n"
            }
          },
          "description_text" : "<html>\n<head>\n    <style type =\"text/css\">\n       .footer{\n           position: fixed;\n           text-align: left;\n           line-height: 1.5;\n           bottom: 0px;\n           left: 5px;\n           width: 100%;\n       }\n        </style>\n    <style type =\"text/css\">\n       .body {\n           padding-bottom: 50px;\n       }\n    </style>\n</head>\n<body>\n<div class=\"body\">\n    <h1>Lab 1 - Objects, State, Methods</h1>\n    <p>Authors: <strong>Martin Klamrowski</strong>, <strong>Cristina Ruiz Martin</strong></p>\n    <p>Relevant textbook reading - <strong>Chapter 1</strong> (The Object Oriented Thought Process)</p>\n    <h3>~1.0 Objects in Java~</h3>\n    <p>\n        This section includes 3 files with 2 classes of interest, Student and Course. The <code>Main.java</code> file contains\n        the standard main method defining the entry point of our program. Note that you can also define the\n        <code>main()</code> method inside either of the other classes. For now, and for clarity, it will be kept\n        this way (do not worry about it too much right now, it just tells Java where to run the program from).\n    </p>\n    <p>\n        Look over both classes; identify the methods, fields, and constructor. Familiarize yourself with the syntax\n        for declaring a method: <code>&lt;access modifier&gt; &lt;return type&gt; &lt;methodName(parameters)&gt;</code>.\n    </p>\n    <p>\n        Can you find instances of any of the object-oriented programming principles being applied?\n    </p>\n    <h3>~Task 1.5~</h3>\n    <p>\n        Let's create some objects!\n    </p>\n    <ol>\n        <li>Create a Student object. The name of the Student is \"Alex\", with the id is \"808\".</li>\n        <li>\n            Create two Course objects. The title of the first course is \"OOP\" and the code is \"sysc2004\". The title\n            of the second Course is \"QM\" and the code is \"elec4705\".\n        </li>\n        <li>\n            Add both Courses to the Student.\n        </li>\n        <li>\n            Print the list of courses the Student is enrolled in.\n        </li>\n    </ol>\n</div>\n</body>\n<div class=\"footer\">\n    <strong>Check your answer here.</strong> Then head over to 1.6 for the next step.\n</div>\n\n</html>",
          "description_format" : "HTML",
          "feedback_link" : {
            "link_type" : "STEPIK"
          },
          "task_type" : "output"
        },
        {
          "name" : "1.6",
          "files" : {
            "src/Main.java" : {
              "name" : "src/Main.java",
              "placeholders" : [
                {
                  "offset" : 110,
                  "length" : 0,
                  "possible_answer" : "Student s1 = new Student(\"Alex\", \"808\");",
                  "placeholder_text" : ""
                },
                {
                  "offset" : 164,
                  "length" : 0,
                  "possible_answer" : "Course course1 = new Course(\"OOP\", \"sysc2004\");\n      Course course2 = new Course(\"QM\", \"elec4705\");",
                  "placeholder_text" : ""
                },
                {
                  "offset" : 205,
                  "length" : 0,
                  "possible_answer" : "s1.addCourse(course1);\n      s1.addCourse(course2);",
                  "placeholder_text" : ""
                },
                {
                  "offset" : 243,
                  "length" : 0,
                  "possible_answer" : "s1.printCourseList();",
                  "placeholder_text" : ""
                },
                {
                  "offset" : 304,
                  "length" : 0,
                  "possible_answer" : "course1.setInstructor(\"Dr.Who\");",
                  "placeholder_text" : ""
                },
                {
                  "offset" : 305,
                  "length" : 0,
                  "possible_answer" : "      course2.setInstructor(\"Dr.Who\");",
                  "placeholder_text" : ""
                },
                {
                  "offset" : 352,
                  "length" : 0,
                  "possible_answer" : "s1.printCourseList();",
                  "placeholder_text" : ""
                }
              ],
              "is_visible" : true,
              "text" : "public class Main {\n   public static void main(String[] args) {\n\n      // make Alex again (same as 1.5)\n      \n\n      // make the same Courses from 1.5 again\n      \n\n      // add the Courses to Alex\n      \n\n      // print Alex's courses\n      \n\n      // set the instructor of the courses to Dr.Who\n      \n\n\n      // print Alex's courses again :)\n      \n   }\n}"
            },
            "test/output.txt" : {
              "name" : "test/output.txt",
              "placeholders" : [ ],
              "is_visible" : false,
              "text" : "OOP sysc2004 Instructor:\nQM elec4705 Instructor:\nOOP sysc2004 Instructor:Dr.Who\nQM elec4705 Instructor:Dr.Who\n"
            },
            "src/Student.java" : {
              "name" : "src/Student.java",
              "placeholders" : [
                {
                  "offset" : 1812,
                  "length" : 18,
                  "possible_answer" : " + \" Instructor:\" + c.getInstructor()",
                  "placeholder_text" : "add in the teacher"
                }
              ],
              "is_visible" : true,
              "text" : "import java.util.ArrayList;\n\npublic class Student {\n    private String name;                        // the student's name\n    private String id;                          // the student's id number\n    private ArrayList<Course> courses;          // courses the student is enrolled in\n    private boolean fullLoad;                   // does the student have a full course load?\n\n    /**\n     * Create a new student with the supplied attributes. Courses and fullLoad are defaulted to 0/false.\n     */\n    public Student(String name, String id) {\n        this.name = name;\n        this.id = id;\n        courses = new ArrayList<>();            // new empty ArrayList\n        fullLoad = false;\n    }\n\n    /**\n     * Get the name of this student.\n     */\n    public String getName() {\n        return name;\n    }\n\n    /**\n     * Set the name of this student.\n     */\n    public void setName(String newName) {\n        name = newName;\n    }\n\n    /**\n     * Get the id of this student.\n     */\n    public String getID() {\n        return id;\n    }\n\n    /**\n     * Set the id of this student.\n     */\n    public void setID(String newID) {\n        id = newID;\n    }\n\n    /**\n     * Add a course to this student's course list. A student can only be enrolled in 5 courses at a time.\n     */\n    public void addCourse(Course course) {\n        if (!fullLoad) {\n            courses.add(course);\n            if (courses.size() == 5) fullLoad = true;\n        }\n    }\n\n    /**\n     * Remove a course from this student's course list.\n     */\n    public void removeCourse(Course course) {\n        if (courses.remove(course)) fullLoad = false;\n    }\n\n    /**\n     * Print out the courses field.\n     */\n    public void printCourseList() {\n        for (Course c : courses) {\n            System.out.println(c.getTitle() + \" \" + c.getCode()add in the teacher);\n        }\n    }\n}\n"
            },
            "src/Course.java" : {
              "name" : "src/Course.java",
              "placeholders" : [
                {
                  "offset" : 256,
                  "length" : 33,
                  "possible_answer" : "private String instructor;",
                  "placeholder_text" : "create the teacher attribute here"
                },
                {
                  "offset" : 605,
                  "length" : 25,
                  "possible_answer" : "    instructor = \"\";",
                  "placeholder_text" : "set the teacher attribute"
                },
                {
                  "offset" : 1140,
                  "length" : 41,
                  "possible_answer" : "public String getInstructor() {\n        return instructor;\n    }",
                  "placeholder_text" : "accessor method for the teacher attribute"
                },
                {
                  "offset" : 1245,
                  "length" : 39,
                  "possible_answer" : "public void setInstructor(String newInstructor) {\n        instructor = newInstructor;\n    }",
                  "placeholder_text" : "add the mutator method for teacher here"
                }
              ],
              "is_visible" : true,
              "text" : "public class Course {\n\n    private final String title;                     // title of the course\n    private final String code;                      // course code\n    private int numberOfStudents;                   // the number of students enrolled\n    create the teacher attribute here                      // the name of the instructor of the course\n\n    /**\n     * Creates a new course with the supplied attributes. The number of students is by default 0.\n     */\n    public Course(String title, String code) {\n        this.title = title;\n        this.code = code;\n        numberOfStudents = 0;\n    set the teacher attribute                               // initialize the instructor attribute to an empty String\n    }\n\n    /**\n     * Get this course's code.\n     */\n    public String getCode() {\n        return code;\n    }\n\n    /**\n     * Get this course's title.\n     */\n    public String getTitle() {\n        return title;\n    }\n\n    /**\n     * Increments the number of enrolled students.\n     */\n    public void addNewStudent() {\n        numberOfStudents += 1;\n    }\n\n    /**\n     * Get the instructor of this course.\n     */\n    accessor method for the teacher attribute\n\n    /**\n     * Set the instructor of this course.\n     */\n    add the mutator method for teacher here\n}\n"
            }
          },
          "description_text" : "<html>\n<head>\n    <style type =\"text/css\">\n       .footer{\n           position: fixed;\n           text-align: left;\n           line-height: 1.5;\n           bottom: 0px;\n           left: 5px;\n           width: 100%;\n       }\n        </style>\n    <style type =\"text/css\">\n       .body {\n           padding-bottom: 75px;\n       }\n    </style>\n</head>\n<body>\n<div class=\"body\">\n    <h1>Lab 1 - Objects, State, Methods</h1>\n    <p>Authors: <strong>Martin Klamrowski</strong>, <strong>Cristina Ruiz Martin</strong></p>\n    <p>Relevant textbook reading - <strong>Chapter 1</strong> (The Object Oriented Thought Process)</p>\n    <h3>~1.0 Objects in Java~</h3>\n    <p>\n        This section includes 3 files with 2 classes of interest, Student and Course. The <code>Main.java</code> file contains\n        the standard main method defining the entry point of our program. Note that you can also define the\n        <code>main()</code> method inside either of the other classes. For now, and for clarity, it will be kept\n        this way (do not worry about it too much right now, it just tells Java where to run the program from).\n    </p>\n    <p>\n        Look over both classes; identify the methods, fields, and constructor. Familiarize yourself with the syntax\n        for declaring a method: <code>&lt;access modifier&gt; &lt;return type&gt; &lt;methodName(parameters)&gt;</code>.\n    </p>\n    <p>\n        Can you find instances of any of the object-oriented programming principles being applied?\n    </p>\n    <h3>~Task 1.6~</h3>\n    <p>\n        Bring your code from 1.5. We want another method to modify the state of our Course objects. We are\n        going to add a String attribute called <code>instructor</code>, and make a mutator method to modify it.\n    </p>\n    <p>\n        <i>Note: did you notice the </i><code>final</code><i> keyword used on the </i><code>code</code><i> and\n        </i><code>title</code><i> attributes in</i>\n        <code>Course.java</code><i>? Declaring an attribute as </i><code>final</code><i> means it will never change,\n        which explains why we do not have any mutator methods for those attributes.</i>\n    </p>\n    <ol>\n        <li>\n            Go into <code>Course.java</code> and add (1) the <code>instructor</code> attribute, (2) the associated\n            mutator, and (3) the accessor method.\n        </li>\n        <li>\n            We want to include the instructor when printing out the Student's course list. Go into\n            <code>Student.java</code> and modify the <code>printCourseList()</code> so that it prints the <code>title</code>,\n            <code>code</code>, and <code>instructor</code> for every course. The formatting should look like this:\n            <code>\"QM elec4705 Instructor:Dr.Who\"</code>.\n        </li>\n        <li>\n            Now, in <code>Main.java</code>, repeat the instructions from Task 1.5 (follow the instructions listed in the comments).\n        </li>\n        <li>\n            Set the <code>instructor</code> attribute of both courses to \"Dr.Who\".\n        </li>\n        <li>Print the list of courses again. What are you expecting to see?</li>\n    </ol>\n</div>\n</body>\n<div class=\"footer\">\n    <strong>Check your answer here.</strong> Remember, you can click the little green arrow to the left of the\n    main method to run the code and see its output.\n</div>\n</html>",
          "description_format" : "HTML",
          "feedback_link" : {
            "link_type" : "STEPIK"
          },
          "task_type" : "output"
        }
      ],
      "type" : "lesson"
    },
    {
      "title" : "2.0 Lab Problem",
      "task_list" : [
        {
          "name" : "2.1",
          "files" : {
            "src/Main.java" : {
              "name" : "src/Main.java",
              "placeholders" : [ ],
              "is_visible" : true,
              "text" : "public class Main {\n   public static void main(String[] args) {\n\n      // you can write some test code here\n\n   }\n}"
            },
            "src/Course.java" : {
              "name" : "src/Course.java",
              "placeholders" : [ ],
              "is_visible" : true,
              "text" : "public class Course {\n\n    private final String title;                     // title of the course\n    private final String code;                      // course code\n    private int numberOfStudents;                   // the number of students enrolled\n\n    /**\n     * Creates a new course with the supplied attributes. The number of students is by default 0.\n     */\n    public Course(String title, String code) {\n        this.title = title;\n        this.code = code;\n        numberOfStudents = 0;\n    }\n\n    /**\n     * Get this course's code.\n     */\n    public String getCode() {\n        return code;\n    }\n\n    /**\n     * Get this course's title.\n     */\n    public String getTitle() {\n        return title;\n    }\n\n    /**\n     * Increments the number of enrolled students. Returns the new number of enrolled students.\n     */\n    public int addNewStudent() {\n        numberOfStudents += 1;\n        return numberOfStudents;\n    }\n}\n"
            },
            "src/Student.java" : {
              "name" : "src/Student.java",
              "placeholders" : [ ],
              "is_visible" : true,
              "text" : "import java.util.ArrayList;\n\npublic class Student {\n    private String name;                        // the student's name\n    private String id;                          // the student's id number\n    private ArrayList<Course> courses;          // courses the student is enrolled in\n    private boolean fullLoad;                   // does the student have a full course load?\n\n    /**\n     * Create a new student with the supplied attributes. Courses and fullLoad are defaulted to 0/false.\n     */\n    public Student(String name, String id) {\n        this.name = name;\n        this.id = id;\n        courses = new ArrayList<>();            // new empty ArrayList\n        fullLoad = false;\n    }\n\n    /**\n     * Get the name of this student.\n     */\n    public String getName() {\n        return name;\n    }\n\n    /**\n     * Set the name of this student.\n     */\n    public void setName(String newName) {\n        name = newName;\n    }\n\n    /**\n     * Get the id of this student.\n     */\n    public String getID() {\n        return id;\n    }\n\n    /**\n     * Set the id of this student.\n     */\n    public void setID(String newID) {\n        id = newID;\n    }\n\n    /**\n     * Add a course to this student's course list. A student can only be enrolled in 5 courses at a time.\n     */\n    public void addCourse(Course course) {\n        if (!fullLoad) {\n            courses.add(course);\n            if (courses.size() == 5) fullLoad = true;\n        }\n    }\n\n    /**\n     * Remove a course from this student's course list.\n     */\n    public void removeCourse(Course course) {\n        if (courses.remove(course)) fullLoad = false;\n    }\n\n    /**\n     * Print out the courses field.\n     */\n    public void printCourseList() {\n        for (Course c : courses) {\n            System.out.println(c.getTitle() + \" \" + c.getCode());\n        }\n    }\n}\n"
            },
            "src/Instructor.java" : {
              "name" : "src/Instructor.java",
              "placeholders" : [ ],
              "is_visible" : true,
              "text" : "//!!! STUDENT NAME !!!//\n//!!! STUDENT NUMBER !!!//\n"
            }
          },
          "description_text" : "<html>\n<head>\n    <style type =\"text/css\">\n       .footer{\n           position: fixed;\n           text-align: left;\n           bottom: 0px;\n           left: 5px;\n           width: 100%;\n       }\n    </style>\n    <style type =\"text/css\">\n       .body {\n           padding-bottom: 50px;\n       }\n    </style>\n</head>\n<body>\n<div class=\"body\">\n    <h1>Lab 1 - Objects, State, Methods</h1>\n    <p>Authors: <strong>Martin Klamrowski</strong>, <strong>Cristina Ruiz Martin</strong></p>\n    <p>Relevant textbook reading - <strong>Chapter 1</strong> (The Object Oriented Thought Process)</p>\n    <h3>~2.0 Lab Problem~</h3>\n    <p>\n        You must submit your solution to this problem on CuLearn.\n        <strong>YOU MUST INCLUDE YOUR FULL NAME AND STUDENT NUMBER IN COMMENTS AT THE\n            HEAD OF EVERY FILE YOU SUBMIT</strong>.\n    </p>\n    <p>\n        If you choose to complete the problem in this environment, the files can be\n        retrieved by right-clicking '2.0 Lab Problem'>Show in Files/Explorer.\n    </p>\n    <h3>~Problem 2.1~</h3>\n    <p>\n        Submit <strong>Instructor.java</strong> when you are done.\n    </p>\n    <p>\n        Our Students can now enroll in Courses, and we can keep track of various statistics\n        related to this, but who is going to teach the course? We need a new class to\n        model this very important role. Your problem, will be to create this class and\n        implement all the behaviours and attributes required to model it. The specifications\n        are as follows.\n    </p>\n\n    <ol>\n        <li>Define a class called Instructor.</li>\n        <li>\n            A Instructor will have the following attributes:\n            <ul>\n                <li>A String representing their <code>name</code>.</li>\n                <li>A String representing their <code>department</code>.</li>\n                <li>A boolean representing their <code>tenure</code> status.</li>\n                <li>An integer representing how many Students they teach.</li>\n            </ul>\n        </li>\n        <li>\n            The constructor for Instructor should take their <code>name</code>, <code>department</code>, and\n            <code>tenure</code> <strong>ONLY</strong>; the number\n            of students they teach should be set to 0 by default.\n        </li>\n        <li>The Instructor class should have accessor methods (\"get\" methods) for all of its attributes.</li>\n        <li>\n            The Instructor class should have a mutator method (\"set\" method) for <code>tenure</code>, which\n            can change the Instructor's <code>tenure</code> attribute to the newly\n            provided boolean value.\n        </li>\n        <li>\n            Finally, the Instructor should have another mutator method called <code>assignNewCourse()</code>.\n            <ul>\n                <li>\n                    The method will receive an integer (representing a number of students) and must return a boolean. The return value should be false\n                    if the sum of the received integer and the current number of students attribute is\n                    greater than 500.\n                </li>\n                <li>\n                    However, if the sum is not greater than 500, the number of students attribute\n                    should be increased by the value provided, and the method should return true.\n                </li>\n            </ul>\n\n\n        </li>\n    </ol>\n</div>\n</body>\n<div class=\"footer\">\n    <strong>You can run your code here.</strong>\n</div>\n\n</html>",
          "description_format" : "HTML",
          "feedback_link" : {
            "link_type" : "STEPIK"
          },
          "task_type" : "theory"
        }
      ],
      "type" : "lesson"
    }
  ],
  "additional_files" : [
    {
      "name" : "build.gradle",
      "placeholders" : [ ],
      "is_visible" : true,
      "text" : "buildscript {\n    repositories {\n        mavenCentral()\n    }\n}\n\ndef printOutput(def output) {\n    return tasks.create(\"printOutput\") {\n        for (line in output.toString().readLines()) {\n            println \"#educational_plugin\" + line\n        }\n    }\n}\n\nsubprojects {\n    apply plugin: 'application'\n    apply plugin: 'java'\n\n    sourceCompatibility = 1.8\n\n    repositories {\n        mavenCentral()\n    }\n\n    dependencies {\n        testCompile group: 'junit', name: 'junit', version: '4.12'\n    }\n\n    sourceSets {\n        main {\n            java.srcDir 'src'\n        }\n        test {\n            java.srcDir 'test'\n        }\n    }\n\n    mainClassName = project.hasProperty(\"mainClass\") ? project.getProperty(\"mainClass\") : \"\"\n\n    def runOutput = new ByteArrayOutputStream()\n    tasks.run.setStandardOutput(runOutput)\n    tasks.run.doLast { printOutput(runOutput) }\n}\n\nproject(':util') {\n    dependencies {\n        compile group: 'junit', name: 'junit', version: '4.12'\n    }\n}\n\nconfigure(subprojects.findAll {it.name != 'util'}) {\n  dependencies {\n    compile project(':util').sourceSets.main.output\n    testCompile project(':util').sourceSets.test.output\n  }\n}\n"
    }
  ],
  "version" : 11
}