{
  "summary" : "SYSC2004 (WN2021) - Lab 2",
  "title" : "Lab 2 - More Objects, Constructors, Scope",
  "authors" : [
    "MK"
  ],
  "programming_language" : "JAVA",
  "language" : "en",
  "course_type" : "PyCharm",
  "items" : [
    {
      "title" : "1.0 Interacting Objects",
      "task_list" : [
        {
          "choiceOptions" : [
            {
              "text" : "Student@123456, Course@123456",
              "status" : "CORRECT"
            },
            {
              "text" : "Jim Bob, Lab 2",
              "status" : "INCORRECT"
            },
            {
              "text" : "1234, 2004",
              "status" : "INCORRECT"
            },
            {
              "text" : "{Jim Bob, 1234}, {Lab 2, 2004}",
              "status" : "INCORRECT"
            }
          ],
          "isMultipleChoice" : false,
          "name" : "1.1",
          "files" : {
            "src/Main.java" : {
              "name" : "src/Main.java",
              "placeholders" : [ ],
              "is_visible" : true,
              "text" : "public class Main {\n   public static void main(String[] args) {\n\n      // run this code!\n      Student student1 = new Student(\"Jim Bob\", \"1234\");\n      Course course1 = new Course(\"Lab 2\", \"2004\");\n\n      System.out.println(student1);\n      System.out.println(course1);\n   }\n}"
            },
            "src/Course.java" : {
              "name" : "src/Course.java",
              "placeholders" : [ ],
              "is_visible" : true,
              "text" : "public class Course {\n\n    private final String title;                     // title of the course\n    private final String code;                      // course code\n    private int numberOfStudents;                   // the number of students enrolled\n\n    /**\n     * Creates a new course with the supplied attributes. The number of students is by default 0.\n     */\n    public Course(String title, String code) {\n        this.title = title;\n        this.code = code;\n        numberOfStudents = 0;\n    }\n\n    /**\n     * Get this course's code.\n     */\n    public String getCode() {\n        return code;\n    }\n\n    /**\n     * Get this course's title.\n     */\n    public String getTitle() {\n        return title;\n    }\n\n    /**\n     * Increments the number of enrolled students. Returns the new number of enrolled students.\n     */\n    public int addNewStudent() {\n        numberOfStudents += 1;\n        return numberOfStudents;\n    }\n\n}\n"
            },
            "src/Student.java" : {
              "name" : "src/Student.java",
              "placeholders" : [ ],
              "is_visible" : true,
              "text" : "import java.util.ArrayList;\n\npublic class Student {\n    private String name;                        // the student's name\n    private String id;                          // the student's id number\n    private ArrayList<Course> courses;          // courses the student is enrolled in\n    private boolean fullLoad;                   // does the student have a full course load?\n\n    /**\n     * Create a new student with the supplied attributes. Courses and fullLoad are defaulted to 0/false.\n     */\n    public Student(String name, String id) {\n        this.name = name;\n        this.id = id;\n        courses = new ArrayList<>();            // new empty ArrayList\n        fullLoad = false;\n    }\n\n    /**\n     * Get the name of this student.\n     */\n    public String getName() {\n        return name;\n    }\n\n    /**\n     * Set the name of this student.\n     */\n    public void setName(String newName) {\n        name = newName;\n    }\n\n    /**\n     * Get the id of this student.\n     */\n    public String getID() {\n        return id;\n    }\n\n    /**\n     * Set the id of this student.\n     */\n    public void setID(String newID) {\n        id = newID;\n    }\n\n    /**\n     * Add a course to this student's course list. A student can only be enrolled in 5 courses at a time.\n     */\n    public void addCourse(Course course) {\n        if (!fullLoad) {\n            courses.add(course);\n            if (courses.size() == 5) fullLoad = true;\n        }\n    }\n\n    /**\n     * Remove a course from this student's course list.\n     */\n    public void removeCourse(Course course) {\n        if (courses.remove(course)) fullLoad = false;\n    }\n\n    /**\n     * Print out the courses field.\n     */\n    public void printCourseList() {\n        for (Course c : courses) {\n            System.out.println(c.getTitle() + \" \" + c.getCode());\n        }\n    }\n}\n"
            }
          },
          "description_text" : "<html>\n<head>\n    <style type =\"text/css\">\n       .footer{\n           position: fixed;\n           text-align: left;\n           line-height: 1.5;\n           bottom: 0px;\n           left: 5px;\n           width: 100%;\n       }\n        </style>\n    <style type =\"text/css\">\n       .body {\n           padding-bottom: 50px;\n       }\n    </style>\n</head>\n<body>\n<div class=\"body\">\n    <h1>Lab 2 - More Objects, Constructors, Scope</h1>\n    <p>Authors: <strong>Martin Klamrowski</strong>, <strong>Cristina Ruiz Martin</strong></p>\n    <p>Relevant textbook reading - <strong>Chapters 2, 3</strong> (The Object Oriented Thought Process)</p>\n    <h3>~1.0 Interacting Objects~</h3>\n    <p>\n        In Lab 1, we explored how objects are defined, created, and some ways to use them. For example,\n        we used methods so that instances of the Student class could interact with Course objects:\n        <code>student1.addCourse(course1)</code>. This is generally how objects interact with each other in Java.\n    </p>\n    <p>\n        But what are <code>student1</code> and <code>course1</code>? They are references! At a high-level, a reference is just\n        a value pointing to an object and all of its constituents in memory, similar to pointers in C++. However, Java\n        does things a little differently from C++ under the hood. Let's find out some more about how objects interact in\n        Java.\n    </p>\n    <h3>~Task 1.1~</h3>\n    <p>\n        Check out <code>Main.java</code>. For this task, we reuse our classes from Lab 1 (Student and Course).\n        We have two objects being created, one Student and one Course. As mentioned, these objects can interact using\n        Student's <code>addCourse()</code> method, where a Course object can be passed as a parameter. But what actually gets\n        stuffed into that method? The object? A JSON representation of the object? Something else?\n    </p>\n    <p>\n        To figure this out, let's print out our variables <code>student1</code> and <code>course1</code> to see what they\n        look like. Make a prediction based on the lab preamble and what we have already learned, and then run it\n        (little green arrow).\n    </p>\n    <p>\n        Answer the MC question below.\n    </p>\n</div>\n\n</body>\n<div class=\"footer\">\n    <p>\n        <strong>Question:</strong> What do you think the code in <code>Main.java</code> will print?\n    </p>\n</div>\n\n</html>",
          "description_format" : "HTML",
          "feedback_link" : {
            "link_type" : "STEPIK"
          },
          "task_type" : "choice"
        },
        {
          "choiceOptions" : [
            {
              "text" : "IAmJim IAmJim NoIAmJim IAmJim",
              "status" : "CORRECT"
            },
            {
              "text" : "IAmJim IAmJim IAmJim IAmJim",
              "status" : "INCORRECT"
            },
            {
              "text" : "IAmJim IAmJim NoIAmJim NoIAmJim",
              "status" : "INCORRECT"
            },
            {
              "text" : "None of the above.",
              "status" : "INCORRECT"
            }
          ],
          "isMultipleChoice" : false,
          "name" : "1.2",
          "files" : {
            "src/Main.java" : {
              "name" : "src/Main.java",
              "placeholders" : [ ],
              "is_visible" : true,
              "text" : "public class Main {\n\n   public static void passByValueTest(Student stu) {\n      System.out.println(stu.getName());\n      stu = new Student(\"NoIAmJim\", \"1234\");\n      System.out.println(stu.getName());\n   }\n\n   public static void main(String[] args) {\n\n      // let's run this\n      Student stu = new Student(\"IAmJim\", \"1234\");\n      System.out.println(stu.getName());\n\n      passByValueTest(stu);\n      System.out.println(stu.getName());\n   }\n}"
            },
            "src/Student.java" : {
              "name" : "src/Student.java",
              "placeholders" : [ ],
              "is_visible" : true,
              "text" : "import java.util.ArrayList;\n\npublic class Student {\n    private String name;                        // the student's name\n    private String id;                          // the student's id number\n    private ArrayList<Course> courses;          // courses the student is enrolled in\n    private boolean fullLoad;                   // does the student have a full course load?\n\n    /**\n     * Create a new student with the supplied attributes. Courses and fullLoad are defaulted to 0/false.\n     */\n    public Student(String name, String id) {\n        this.name = name;\n        this.id = id;\n        courses = new ArrayList<>();            // new empty ArrayList\n        fullLoad = false;\n    }\n\n    /**\n     * Get the name of this student.\n     */\n    public String getName() {\n        return name;\n    }\n\n    /**\n     * Set the name of this student.\n     */\n    public void setName(String newName) {\n        name = newName;\n    }\n\n    /**\n     * Get the id of this student.\n     */\n    public String getID() {\n        return id;\n    }\n\n    /**\n     * Set the id of this student.\n     */\n    public void setID(String newID) {\n        id = newID;\n    }\n\n    /**\n     * Add a course to this student's course list. A student can only be enrolled in 5 courses at a time.\n     */\n    public void addCourse(Course course) {\n        if (!fullLoad) {\n            courses.add(course);\n            if (courses.size() == 5) fullLoad = true;\n        }\n    }\n\n    /**\n     * Remove a course from this student's course list.\n     */\n    public void removeCourse(Course course) {\n        if (courses.remove(course)) fullLoad = false;\n    }\n\n    /**\n     * Print out the courses field.\n     */\n    public void printCourseList() {\n        for (Course c : courses) {\n            System.out.println(c.getTitle() + \" \" + c.getCode());\n        }\n    }\n}\n"
            },
            "src/Course.java" : {
              "name" : "src/Course.java",
              "placeholders" : [ ],
              "is_visible" : true,
              "text" : "public class Course {\n\n    private final String title;                     // title of the course\n    private final String code;                      // course code\n    private int numberOfStudents;                   // the number of students enrolled\n\n    /**\n     * Creates a new course with the supplied attributes. The number of students is by default 0.\n     */\n    public Course(String title, String code) {\n        this.title = title;\n        this.code = code;\n        numberOfStudents = 0;\n    }\n\n    /**\n     * Get this course's code.\n     */\n    public String getCode() {\n        return code;\n    }\n\n    /**\n     * Get this course's title.\n     */\n    public String getTitle() {\n        return title;\n    }\n\n    /**\n     * Increments the number of enrolled students. Returns the new number of enrolled students.\n     */\n    public int addNewStudent() {\n        numberOfStudents += 1;\n        return numberOfStudents;\n    }\n\n}\n"
            }
          },
          "description_text" : "<html>\n<head>\n    <style type =\"text/css\">\n       .footer{\n           position: fixed;\n           text-align: left;\n           line-height: 1.5;\n           bottom: 0px;\n           left: 5px;\n           width: 100%;\n       }\n        </style>\n    <style type =\"text/css\">\n       .body {\n           padding-bottom: 50px;\n       }\n    </style>\n</head>\n<body>\n<div class=\"body\">\n    <h1>Lab 2 - More Objects, Constructors, Scope</h1>\n    <p>Authors: <strong>Martin Klamrowski</strong>, <strong>Cristina Ruiz Martin</strong></p>\n    <p>Relevant textbook reading - <strong>Chapters 2, 3</strong> (The Object Oriented Thought Process)</p>\n    <h3>~1.0 Interacting Objects~</h3>\n    <p>\n        In Lab 1, we explored how objects are defined, created, and some ways to use them. For example,\n        we used methods so that instances of the Student class could interact with Course objects:\n        <code>student1.addCourse(course1)</code>. This is generally how objects interact with each other in Java.\n    </p>\n    <p>\n        But what are <code>student1</code> and <code>course1</code>? They are references! At a high-level, a reference is just\n        a value pointing to an object and all of its constituents in memory, similar to pointers in C++. However, Java\n        does things a little differently from C++ under the hood. Let's find out some more about how objects interact in\n        Java.\n    </p>\n    <h3>~Task 1.2~</h3>\n    <p>\n        There was no surprise there, <code>student1</code> and <code>course1</code> are not objects, they are references!\n        Those strange values that were printed are the respective values of those references. What do they reference? When\n        we call a method such as <code>student1.getName()</code>, Java uses that <code>student1</code> reference\n        (stored in stack memory) to figure out where to get all of that object's data in memory (heap). Here is a short\n        video on this (do <strong>not</strong> ctrl-click, if you do the video will open in this window and you will\n        have to reload the task to get the task description back):\n        <a href=\"https://www.youtube.com/watch?v=450maTzSIvA&ab_channel=Guru99/\" target=\"_blank\">(Youtube) Java Memory Management</a>.\n    </p>\n    <p>\n        This brings us back to our initial question of \"what gets stuffed into the <code>addCourse()</code> method?\".\n    </p>\n    <p>\n        To explore this, we have created a new method called <code>passByValueTest()</code> in <code>Main.java</code>.\n        Java methods follow what we call \"pass-by-value\". This contrasts to C++ where you can pass by both value and\n        reference.\n    </p>\n    <p>\n        Pass-by-value means a \"copy\" of the entity is given to the function. Pass-by-reference means a reference to the entity's location in memory is given.\n        You can find out more here:\n        <a href=\"https://www.cs.fsu.edu/~myers/c++/notes/references.html\">Pass By Reference vs. Pass By Value</a>.\n    </p>\n    <p>\n        So how does this work in Java? If a variable <code>student1</code> is a reference to an object, and if we cannot\n        pass the reference per se, how do we pass information about this object between different scopes (like from\n        <code>main()</code> into <code>passByValueTest()</code>)? In Java, we pass the\n        <strong>value of the reference</strong>! This means a copy of\n        the object's reference is provided to the <code>passByValueTest()</code> method. Practically, this means that\n        we cannot change what <code>student1</code> \"points\" to from inside <code>passByValueTest()</code>. This is\n        demonstrated in <code>Main.java</code>.\n    </p>\n    <p>\n        Read the text above carefully and answer the MC question below.\n    </p>\n</div>\n\n</body>\n<div class=\"footer\">\n    <p>\n        <strong>Question:</strong> What will the code in <code>Main.java</code> print?\n    </p>\n</div>\n\n</html>",
          "description_format" : "HTML",
          "feedback_link" : {
            "link_type" : "STEPIK"
          },
          "task_type" : "choice"
        }
      ],
      "type" : "lesson"
    },
    {
      "title" : "2.0 Scope",
      "task_list" : [
        {
          "name" : "2.1",
          "files" : {
            "src/Main.java" : {
              "name" : "src/Main.java",
              "placeholders" : [ ],
              "is_visible" : true,
              "text" : "public class Main {\n\n   // put your test method here\n\n\n   public static void main(String[] args) {\n\n      // try it out!\n\n   }\n}"
            }
          },
          "description_text" : "<html>\n<head>\n    <style type =\"text/css\">\n       .footer{\n           position: fixed;\n           text-align: left;\n           line-height: 1.5;\n           bottom: 0px;\n           left: 5px;\n           width: 100%;\n       }\n        </style>\n    <style type =\"text/css\">\n       .body {\n           padding-bottom: 50px;\n       }\n    </style>\n</head>\n<body>\n<div class=\"body\">\n    <h1>Lab 2 - More Objects, Constructors, Scope</h1>\n    <p>Authors: <strong>Martin Klamrowski</strong>, <strong>Cristina Ruiz Martin</strong></p>\n    <p>Relevant textbook reading - <strong>Chapters 2, 3</strong> (The Object Oriented Thought Process)</p>\n    <h3>~2.0 Scope~</h3>\n    <p>\n        In the previous section, we saw the use of a term called \"scope\". Scope is an important concept in Java and\n        programming overall. This section explores the principles of scope, and how it is applied in a language like Java.\n    </p>\n    <h3>~Task 2.1~</h3>\n    <p>\n        The scope (of a variable for example) can be\n        roughly defined as the areas in your program where that variable can be used. For example, if we create a\n        variable in the <code>main()</code> method in <code>Main.java</code> like this: <code>int x = 2004;</code>.\n        <code>x</code>\n        can only ever be used within that <code>main()</code> method, and thus that is its scope. Try it yourself! Make\n        another\n        method above <code>main()</code> in <code>Main.java</code>, create a variable in that method, and see if you can\n        use it in <code>main()</code>.\n    </p>\n</div>\n\n</body>\n<div class=\"footer\">\n    <p>\n        <strong>Try it out!</strong>\n    </p>\n</div>\n\n</html>",
          "description_format" : "HTML",
          "feedback_link" : {
            "link_type" : "STEPIK"
          },
          "task_type" : "theory"
        },
        {
          "choiceOptions" : [
            {
              "text" : "Everywhere inside the class RobotOne.",
              "status" : "INCORRECT"
            },
            {
              "text" : "Everywhere inside the method makeFriend().",
              "status" : "CORRECT"
            },
            {
              "text" : "Everywhere inside your program.",
              "status" : "INCORRECT"
            },
            {
              "text" : "It has no specifier, therefore it can be accessed anywhere within the class and package in which it's defined.",
              "status" : "INCORRECT"
            }
          ],
          "isMultipleChoice" : false,
          "name" : "2.2",
          "files" : {
            "src/Main.java" : {
              "name" : "src/Main.java",
              "placeholders" : [ ],
              "is_visible" : true,
              "text" : "public class Main {\n   public static void main(String[] args) {\n\n      // outer closure\n      int sum = 0;\n\n      for (int i = 0; i < 2004; i++) {\n         // inner closure\n         sum += sum%2 + i%2 + ((i < 2) ? 0 : sum%(i-1));\n      }\n   }\n}"
            },
            "src/RobotOne.java" : {
              "name" : "src/RobotOne.java",
              "placeholders" : [ ],
              "is_visible" : true,
              "text" : "public class RobotOne {\n\n    private String name;                                                                    // name of RobotOne\n    private int numRobotFriends = 0;                                                        // how many friends RobOone has\n    private String line = \"You ain't nothin' but a hound dog, cryin' all the time\";         // lines RobotOne knows\n\n    /**\n     * Constructor for RobotOne, takes the name, default values are already specified above.\n     */\n    public RobotOne(String name) {\n        this.name = name;\n    }\n\n    /**\n     * Give RobotOne a friend.\n     */\n    public void makeFriend(RobotTwo friend) {\n        numRobotFriends += 1;\n    }\n\n    /**\n     * Get RobotOne to say something it knows.\n     */\n    public String speak() {\n        return line;\n    }\n}\n"
            },
            "src/RobotTwo.java" : {
              "name" : "src/RobotTwo.java",
              "placeholders" : [ ],
              "is_visible" : false,
              "text" : "public class RobotTwo {\n}\n"
            }
          },
          "description_text" : "<html>\n<head>\n    <style type =\"text/css\">\n       .footer{\n           position: fixed;\n           text-align: left;\n           line-height: 1.5;\n           bottom: 0px;\n           left: 5px;\n           width: 100%;\n       }\n        </style>\n    <style type =\"text/css\">\n       .body {\n           padding-bottom: 50px;\n       }\n    </style>\n</head>\n<body>\n<div class=\"body\">\n    <h1>Lab 2 - More Objects, Constructors, Scope</h1>\n    <p>Authors: <strong>Martin Klamrowski</strong>, <strong>Cristina Ruiz Martin</strong></p>\n    <p>Relevant textbook reading - <strong>Chapters 2, 3</strong> (The Object Oriented Thought Process)</p>\n    <h3>~2.0 Scope~</h3>\n    <p>\n        In the previous section, we saw references to a term called \"scope\". Scope is an important concept in Java and\n        programming overall. This section explores the principles of scope, and how it's applied in a language like Java.\n    </p>\n    <h3>~Task 2.2~</h3>\n    <p>\n        Generally, in Java, different scopes are defined through the use of <code>{}</code>, called a closure. We have\n        seen\n        these used to define the beginning and end of a method, a class, or loop. They are used to implement what is\n        called <strong>lexical scoping</strong>, which means the scope of a variable can be determined by its location\n        in the code (i.e. what closures it falls within). A variable exists within its own closure and any inner (nested)\n        closures as well. Take a look at <code>Main.java</code> for an example on this. The variable <code>sum</code>\n        exists everywhere in the <code>main()</code> method (even the for-loop). But the variable <code>i</code> only\n        exists within the for-loop.\n    </p>\n    <p>\n        Java also has access specifiers <code>public</code>, <code>private</code>, <code>protected</code>. These specify the level of access required\n        to use any member of a class (class attributes, class methods). Access specifiers are used <strong>only</strong>\n        for class members. Details can be found here:\n        <a href=\"https://docs.oracle.com/javase/tutorial/java/javaOO/accesscontrol.html\">link to Oracle docs</a>.\n    </p>\n    <p>\n        Take a look at <code>RobotOne.java</code>. In this file, we have defined a class called RobotOne. RobotOne has\n        some private attributes, some public methods, and is itself declared public. It is not complete, but that\n        will be our job in future tasks.\n    </p>\n    <p>\n        Examine <code>RobotOne.java</code> and answer the MC question below.\n    </p>\n</div>\n\n</body>\n<div class=\"footer\">\n    <p>\n        <strong>Question:</strong> What is the scope of the <code>friend</code> parameter in the\n        <code>makeFriend()</code> method?\n    </p>\n</div>\n</html>",
          "description_format" : "HTML",
          "feedback_link" : {
            "link_type" : "STEPIK"
          },
          "task_type" : "choice"
        },
        {
          "choiceOptions" : [
            {
              "text" : "It's specified private, so it can be used only in RobotOne's constructor.",
              "status" : "INCORRECT"
            },
            {
              "text" : "It's specified private, so it can be used anywhere within RobotOne.",
              "status" : "CORRECT"
            },
            {
              "text" : "Everywhere!",
              "status" : "INCORRECT"
            },
            {
              "text" : "It's specified private, so generally it likes to keep to itself.",
              "status" : "INCORRECT"
            }
          ],
          "isMultipleChoice" : false,
          "name" : "2.3",
          "files" : {
            "src/Main.java" : {
              "name" : "src/Main.java",
              "placeholders" : [ ],
              "is_visible" : true,
              "text" : "public class Main {\n   public static void main(String[] args) {\n      // carry on\n   }\n}"
            },
            "src/RobotOne.java" : {
              "name" : "src/RobotOne.java",
              "placeholders" : [ ],
              "is_visible" : true,
              "text" : "public class RobotOne {\n\n    private String name;                                                                    // name of RobotOne\n    private int numRobotFriends = 0;                                                        // how many friends RobOone has\n    private String line = \"You ain't nothin' but a hound dog, cryin' all the time\";         // lines RobotOne knows\n\n    /**\n     * Constructor for RobotOne, takes the name, default values are already specified above.\n     */\n    public RobotOne(String name) {\n        this.name = name;\n    }\n\n    /**\n     * Give RobotOne a friend.\n     */\n    public void makeFriend(RobotTwo friend) {\n        numRobotFriends += 1;\n    }\n\n    /**\n     * Get RobotOne to say something it knows.\n     */\n    public String speak() {\n        return line;\n    }\n}\n"
            },
            "src/RobotTwo.java" : {
              "name" : "src/RobotTwo.java",
              "placeholders" : [ ],
              "is_visible" : false,
              "text" : "public class RobotTwo {\n}\n"
            }
          },
          "description_text" : "<html>\n<head>\n    <style type =\"text/css\">\n       .footer{\n           position: fixed;\n           text-align: left;\n           line-height: 1.5;\n           bottom: 0px;\n           left: 5px;\n           width: 100%;\n       }\n        </style>\n    <style type =\"text/css\">\n       .body {\n           padding-bottom: 50px;\n       }\n    </style>\n</head>\n<body>\n<div class=\"body\">\n    <h1>Lab 2 - More Objects, Constructors, Scope</h1>\n    <p>Authors: <strong>Martin Klamrowski</strong>, <strong>Cristina Ruiz Martin</strong></p>\n    <p>Relevant textbook reading - <strong>Chapters 2, 3</strong> (The Object Oriented Thought Process)</p>\n    <h3>~2.0 Scope~</h3>\n    <p>\n        In the previous section, we saw references to a term called \"scope\". Scope is an important concept in Java and\n        programming overall. This section explores the principles of scope, and how it's applied in a language like Java.\n    </p>\n    <h3>~Task 2.3~</h3>\n    <p>\n        Examine <code>RobotOne.java</code> and answer the MC question below.\n    </p>\n</div>\n\n</body>\n<div class=\"footer\">\n    <p>\n        <strong>Question:</strong> What is the scope of the <code>name</code> attribute?\n    </p>\n</div>\n</html>",
          "description_format" : "HTML",
          "feedback_link" : {
            "link_type" : "STEPIK"
          },
          "task_type" : "choice"
        },
        {
          "name" : "2.4",
          "files" : {
            "src/Main.java" : {
              "name" : "src/Main.java",
              "placeholders" : [ ],
              "is_visible" : true,
              "text" : "public class Main {\n   public static void main(String[] args) {\n\n      // some experimentation code\n      RobotOne r1 = new RobotOne(\"hal\");\n\n      // after changing some of the access specifiers in RobotOne, you should get some errors here\n      System.out.println(r1.speak());\n\n      // what about playing around with attributes?\n      // note: even if name is public, this is frowned upon in Java as it violates encapsulation!\n      //       it could be considered acceptable if all of the attributes inside of a class were final\n      System.out.println(r1.name);\n   }\n}"
            },
            "src/RobotOne.java" : {
              "name" : "src/RobotOne.java",
              "placeholders" : [ ],
              "is_visible" : true,
              "text" : "public class RobotOne {\n\n    private String name;                                                                    // name of RobotOne\n    private int numRobotFriends = 0;                                                        // how many friends RobOone has\n    private String line = \"You ain't nothin' but a hound dog, cryin' all the time\";         // lines RobotOne knows\n\n    /**\n     * Constructor for RobotOne, takes the name, default values are already specified above.\n     */\n    public RobotOne(String name) {\n        this.name = name;\n    }\n\n    /**\n     * Give RobotOne a friend.\n     */\n    public void makeFriend(RobotTwo friend) {\n        numRobotFriends += 1;\n    }\n\n    /**\n     * Get RobotOne to say something it knows.\n     */\n    public String speak() {\n        return line;\n    }\n}\n"
            },
            "src/RobotTwo.java" : {
              "name" : "src/RobotTwo.java",
              "placeholders" : [ ],
              "is_visible" : false,
              "text" : "public class RobotTwo {\n}\n"
            }
          },
          "description_text" : "<html>\n<head>\n    <style type =\"text/css\">\n       .footer{\n           position: fixed;\n           text-align: left;\n           line-height: 1.5;\n           bottom: 0px;\n           left: 5px;\n           width: 100%;\n       }\n        </style>\n    <style type =\"text/css\">\n       .body {\n           padding-bottom: 50px;\n       }\n    </style>\n</head>\n<body>\n<div class=\"body\">\n    <h1>Lab 2 - More Objects, Constructors, Scope</h1>\n    <p>Authors: <strong>Martin Klamrowski</strong>, <strong>Cristina Ruiz Martin</strong></p>\n    <p>Relevant textbook reading - <strong>Chapters 2, 3</strong> (The Object Oriented Thought Process)</p>\n    <h3>~2.0 Scope~</h3>\n    <p>\n        As previously mentioned, access specifiers can be used on all class members. This includes methods.\n        Some code is written in <code>Main.java</code> to help you get started. Play around with access modifiers by\n        changing some of them in RobotOne. For example, change <code>speak()</code> to private. Can you still use it from\n        <code>Main.java</code>?\n    </p>\n    <h3>~Task 2.4~</h3>\n    <p>\n        Go into <code>RobotOne.java</code> and play around with some of the access specifiers.\n    </p>\n</div>\n\n</body>\n<div class=\"footer\">\n    <p>\n        <strong>Try it!</strong>\n    </p>\n</div>\n</html>",
          "description_format" : "HTML",
          "feedback_link" : {
            "link_type" : "STEPIK"
          },
          "task_type" : "theory"
        }
      ],
      "type" : "lesson"
    },
    {
      "title" : "3.0 Constructors",
      "task_list" : [
        {
          "name" : "3.1",
          "files" : {
            "src/Main.java" : {
              "name" : "src/Main.java",
              "placeholders" : [
                {
                  "offset" : 142,
                  "length" : 21,
                  "possible_answer" : "RobotOne mk1 = new RobotOne(\"mk 1\");\n      RobotOne mk2 = new RobotOne(\"mk 2\", \"hello world\");",
                  "placeholder_text" : "make your robots here"
                },
                {
                  "offset" : 249,
                  "length" : 0,
                  "possible_answer" : "System.out.println(mk1.speak());",
                  "placeholder_text" : ""
                },
                {
                  "offset" : 269,
                  "length" : 0,
                  "possible_answer" : "System.out.println(mk2.speak());",
                  "placeholder_text" : ""
                }
              ],
              "is_visible" : true,
              "text" : "public class Main {\n   public static void main(String[] args) {\n\n      // create two RobotOne's, each one using a different constructor\n      make your robots here\n\n      // print the calls to the speak() method for each RobotOne\n      // mk1\n      \n      // mk2\n      \n   }\n}"
            },
            "test/output.txt" : {
              "name" : "test/output.txt",
              "placeholders" : [ ],
              "is_visible" : false,
              "text" : "You ain't nothin' but a hound dog, cryin' all the time\nhello world\n"
            },
            "src/RobotOne.java" : {
              "name" : "src/RobotOne.java",
              "placeholders" : [
                {
                  "offset" : 698,
                  "length" : 30,
                  "possible_answer" : "public RobotOne(String name, String line) {\n        this.name = name;\n        this.line = line;\n    }",
                  "placeholder_text" : "write the new constructor here"
                }
              ],
              "is_visible" : true,
              "text" : "public class RobotOne {\n\n    private String name;                                                                    // name of RobotOne\n    private int numRobotFriends = 0;                                                        // how many friends RobOone has\n    private String line = \"You ain't nothin' but a hound dog, cryin' all the time\";         // lines RobotOne knows\n\n    /**\n     * Constructor for RobotOne, takes the name, default values are already specified above.\n     */\n    public RobotOne(String name) {\n        this.name = name;\n    }\n\n    /**\n     * Overloaded constructor for RobotOne, takes the name and the vocabulary, default values are already specified above.\n     */\n    write the new constructor here\n\n    /**\n     * Give RobotOne a friend.\n     */\n    public void makeFriend(RobotTwo friend) {\n        numRobotFriends += 1;\n    }\n\n    /**\n     * Get RobotOne to say something it knows.\n     */\n    public String speak() {\n        return line;\n    }\n}\n"
            },
            "src/RobotTwo.java" : {
              "name" : "src/RobotTwo.java",
              "placeholders" : [ ],
              "is_visible" : false,
              "text" : "public class RobotTwo {\n}\n"
            }
          },
          "description_text" : "<html>\n<head>\n    <style type =\"text/css\">\n       .footer{\n           position: fixed;\n           text-align: left;\n           line-height: 1.5;\n           bottom: 0px;\n           left: 5px;\n           width: 100%;\n       }\n        </style>\n    <style type =\"text/css\">\n       .body {\n           padding-bottom: 50px;\n       }\n    </style>\n</head>\n<body>\n<div class=\"body\">\n    <h1>Lab 2 - More Objects, Constructors, Scope</h1>\n    <p>Authors: <strong>Martin Klamrowski</strong>, <strong>Cristina Ruiz Martin</strong></p>\n    <p>Relevant textbook reading - <strong>Chapters 2, 3</strong> (The Object Oriented Thought Process)</p>\n    <h3>~3.0 Constructors~</h3>\n    <p>\n        We have already seen how to create a constructor. An object's constructor is the method called when it is\n        created: <code>RobotOne r1 = new RobotOne(\"hal\");</code>. The constructor specifies what we want to happen\n        when an object of the respective class is instantiated. In the case above, we just want it to perform some attribute\n        initialization.\n    </p>\n    <p>\n        This is not the limit of what can be done inside constructors. Constructors can have logic, method calls, and even\n        calls to other constructors (called constructor chaining). We can even specify multiple different constructors\n        for a given class. We will look at some of these topics in this section. Others will be seen in later labs.\n    </p>\n    <h3>~Task 3.1~</h3>\n    <p>\n        We can specify different constructors in a single class. Java identifies different constructors by\n        looking at the signature, i.e. <code>public RobotOne(String)</code>. To specify a different constructor for our\n        RobotOne class, we can do something like <code>public RobotOne(String, int)</code> for example.\n    </p>\n    <p>\n        <i>\n            Note: in the textbook, signatures include the parameter name, and this is the correct definition of a method\n            signature. However, keep in mind that Java does not care about the names of the parameters, it just cares\n            about the number and types of parameters. For example:\n        </i>\n        <code>public RobotOne(String name)</code> and <code>public RobotOne(String line)</code>\n        <i>\n            are the same thing to the Java compiler. Therefore, doing this will throw an error.\n        </i>\n    </p>\n    <ol>\n        <li>\n            <p>\n                Go into <code>RobotOne.java</code> and create a new constructor. This constructor should take two Strings,\n                representing the <code>name</code> and <code>line</code> fields respectively. Initialize these fields\n                accordingly. For the attributes\n                not provided to the constructor, do the same as the first constructor (i.e. set only the class fields\n                provided to the constructor).\n            </p>\n        </li>\n        <li>\n            <p>\n                Go into <code>Main.java</code> and create two instances of RobotOne, one with each constructor.\n                The <code>name</code> of the first RobotOne is \"mk 1\", the <code>name</code> of the second RobotOne is\n                \"mk 2\". The <code>line</code> of both RobotOnes is \"hello world\". Print out the\n                result of each RobotOne's <code>speak()</code> method.\n            </p>\n        </li>\n    </ol>\n</div>\n\n</body>\n<div class=\"footer\">\n    <p>\n        <strong>Run it!</strong>\n    </p>\n</div>\n</html>",
          "description_format" : "HTML",
          "feedback_link" : {
            "link_type" : "STEPIK"
          },
          "task_type" : "output"
        },
        {
          "choiceOptions" : [
            {
              "text" : "Random luck.",
              "status" : "INCORRECT"
            },
            {
              "text" : "It does not matter if there are no constructors specified in RobotOne, you can always call a default constructor like this.",
              "status" : "INCORRECT"
            },
            {
              "text" : "There is no constructor specified in RobotOne, so a default constructor is inserted by the compiler, and this is how you call it.",
              "status" : "CORRECT"
            },
            {
              "text" : "RobotOne has become sentient!",
              "status" : "INCORRECT"
            }
          ],
          "isMultipleChoice" : false,
          "name" : "3.2",
          "files" : {
            "src/Main.java" : {
              "name" : "src/Main.java",
              "placeholders" : [ ],
              "is_visible" : true,
              "text" : "public class Main {\n   public static void main(String[] args) {\n\n      // what is happening here!?\n      RobotOne r1 = new RobotOne();\n   }\n}"
            },
            "src/RobotOne.java" : {
              "name" : "src/RobotOne.java",
              "placeholders" : [ ],
              "is_visible" : true,
              "text" : "public class RobotOne {\n\n    private String name;                                                                    // name of RobotOne\n    private int numRobotFriends = 0;                                                        // how many friends RobotOne has\n    private String line = \"You ain't nothin' but a hound dog, cryin' all the time\";         // lines RobotOne knows\n\n    /**\n     * Give RobotOne a friend.\n     */\n    public void makeFriend(RobotTwo friend) {\n        numRobotFriends += 1;\n    }\n\n    /**\n     * Get RobotOne to say something it knows.\n     */\n    public String speak() {\n        return line;\n    }\n}\n"
            },
            "src/RobotTwo.java" : {
              "name" : "src/RobotTwo.java",
              "placeholders" : [ ],
              "is_visible" : false,
              "text" : "public class RobotTwo {\n}\n"
            }
          },
          "description_text" : "<html>\n<head>\n    <style type =\"text/css\">\n       .footer{\n           position: fixed;\n           text-align: left;\n           line-height: 1.5;\n           bottom: 0px;\n           left: 5px;\n           width: 100%;\n       }\n        </style>\n    <style type =\"text/css\">\n       .body {\n           padding-bottom: 50px;\n       }\n    </style>\n</head>\n<body>\n<div class=\"body\">\n    <h1>Lab 2 - More Objects, Constructors, Scope</h1>\n    <p>Authors: <strong>Martin Klamrowski</strong>, <strong>Cristina Ruiz Martin</strong></p>\n    <p>Relevant textbook reading - <strong>Chapters 2, 3</strong> (The Object Oriented Thought Process)</p>\n    <h3>~3.0 Constructors~</h3>\n    <p>\n        We have already seen how to create a constructor. An object's constructor is the method called when it is\n        created: <code>RobotOne r1 = new RobotOne(\"hal\");</code>. The constructor specifies what we want to happen\n        when an object of the respective class is instantiated. In the case above, we just want it to perform some attribute\n        initialization.\n    </p>\n    <p>\n        This is not the limit of what can be done inside constructors. Constructors can have logic, method calls, and even\n        calls to other constructors (called constructor chaining). We can even specify multiple different constructors\n        for a given class. We will look at some of these topics in this section, and others will be seen in later labs.\n    </p>\n    <h3>~Task 3.2~</h3>\n    <p>\n        Examine <code>Main.java</code> and <code>RobotOne.java</code> and answer the MC question below.\n        <div class=\"hint\">Read Chapter 3 of The Object-Oriented Thought Process.</div>\n    </p>\n</div>\n\n</body>\n<div class=\"footer\">\n    <p>\n        <strong>Question:</strong> Why isn't there an error at line 5 of <code>Main.java</code>?\n    </p>\n</div>\n</html>",
          "description_format" : "HTML",
          "feedback_link" : {
            "link_type" : "STEPIK"
          },
          "task_type" : "choice"
        }
      ],
      "type" : "lesson"
    },
    {
      "title" : "4.0 Interacting Objects (again)",
      "task_list" : [
        {
          "name" : "4.1",
          "files" : {
            "src/Main.java" : {
              "name" : "src/Main.java",
              "placeholders" : [ ],
              "is_visible" : true,
              "text" : "public class Main {\n   public static void main(String[] args) {\n\n      // do your stuff here\n\n   }\n}"
            },
            "src/RobotOne.java" : {
              "name" : "src/RobotOne.java",
              "placeholders" : [ ],
              "is_visible" : true,
              "text" : "public class RobotOne {\n\n    private String name;                        // name of RobotOne\n\n    // lines RobotOne knows\n    private String line = \"You ain't nothin' but a hound dog, cryin' all the time\";\n\n    private RobotTwo friend = null;             // RobotOne's friend\n\n    /**\n     * Constructor for RobotOne, takes the name, default values are already specified above.\n     */\n    public RobotOne(String name) {\n        this.name = name;\n    }\n\n    /**\n     * Give RobotOne a friend.\n     */\n    public void makeNewFriend(RobotTwo robotTwo) {\n        friend = robotTwo;\n    }\n\n    /**\n     * Get RobotOne to say something it knows.\n     */\n    public String speak() {\n        return line;\n    }\n}\n"
            },
            "src/RobotTwo.java" : {
              "name" : "src/RobotTwo.java",
              "placeholders" : [ ],
              "is_visible" : true,
              "text" : "public class RobotTwo {\n\n    private String name;                        // name of RobotTwo\n\n    // lines RobotTwo knows\n    private String line = \"Well, you ain't never caught no rabbit and you ain't no friend of mine\";\n\n    private RobotOne friend = null;             // RobotTwo's friend\n\n    /**\n     * Constructor for RobotTwo, takes the name, default values are already specified above.\n     */\n    public RobotTwo(String name) {\n        this.name = name;\n    }\n\n    /**\n     * Give RobotTwo a friend.\n     */\n    public void makeFriend(RobotOne robotOne) {\n        friend = robotOne;\n    }\n\n    /**\n     * Get RobotTwo to say something it knows.\n     */\n    public String speak() {\n        return line;\n    }\n}\n"
            }
          },
          "description_text" : "<html>\n<head>\n    <style type =\"text/css\">\n       .footer{\n           position: fixed;\n           text-align: left;\n           line-height: 1.5;\n           bottom: 0px;\n           left: 5px;\n           width: 100%;\n       }\n        </style>\n    <style type =\"text/css\">\n       .body {\n           padding-bottom: 50px;\n       }\n    </style>\n</head>\n<body>\n<div class=\"body\">\n    <h1>Lab 2 - More Objects, Constructors, Scope</h1>\n    <p>Authors: <strong>Martin Klamrowski</strong>, <strong>Cristina Ruiz Martin</strong></p>\n    <p>Relevant textbook reading - <strong>Chapters 2, 3</strong> (The Object Oriented Thought Process)</p>\n    <h3>~4.0 Interacting Objects (again)~</h3>\n    <p>\n        In this section, we will put together everything we have learned so far.\n    </p>\n    <p>\n        We now have two robots, RobotOne and RobotTwo!\n        They are largely the same but the code has been duplicated none the less (sounds like a good case for inheritance...\n        a later lab perhaps).\n    </p>\n    <p>\n        These robots just are not complete without each other. So, let's do something about that.\n    </p>\n    <h3>~Task 4.1~</h3>\n    <p>\n        Your task:\n    </p>\n    <ol>\n        <li>\n            Make a new constructor in each robot class. This constructor needs as input the <code>name</code>,\n            and <code>friend</code>\n            attributes respectively. Make sure you give RobotOne a RobotTwo friend, and vice versa.\n        </li>\n        <li>\n            Make a third constructor in each robot class. This constructor will take three parameters,\n            represented by the three attributes <code>name</code>, <code>friend</code>, <code>line</code>.\n        </li>\n        <li>\n            Once you have done that, add a method in each of the two robot classes called <code>friendSpeak()</code>.\n            This method\n            should\n            do the same as <code>speak()</code>, but should say the friend's <code>line</code> instead of their own.\n            You should check that you are not performing a method call on the <code>friend</code> parameter if it is\n            <code>null</code> (the robot does not have a friend).\n            If for some reason it is <code>null</code>, return <code>\"I have no friend :(\"</code>.\n        </li>\n        <li>\n            Print out both the robots' lines (call <code>friendSpeak()</code>) at the end and continue to the next task.\n        </li>\n    </ol>\n</div>\n\n</body>\n<div class=\"footer\">\n    <p>\n        <strong>Run it!</strong>\n    </p>\n</div>\n</html>",
          "description_format" : "HTML",
          "feedback_link" : {
            "link_type" : "STEPIK"
          },
          "task_type" : "theory"
        },
        {
          "name" : "4.2",
          "files" : {
            "src/Main.java" : {
              "name" : "src/Main.java",
              "placeholders" : [ ],
              "is_visible" : true,
              "text" : "public class Main {\n   public static void main(String[] args) {\n\n      // some robots\n      RobotOne r1 = new RobotOne(\"One\");\n      RobotTwo r2 = new RobotTwo(\"Two\", r1);\n      RobotThree r3 = new RobotThree(\"Three\", r2);\n      r1.makeNewFriend(r3);\n\n      // print out the complete verse here\n\n   }\n}"
            },
            "test/output.txt" : {
              "name" : "test/output.txt",
              "placeholders" : [ ],
              "is_visible" : false,
              "text" : "You ain't nothin' but a hound dog, cryin' all the time\nWell, you ain't never caught no rabbit and you ain't no friend of mine\nAh thank you, ah thank you very much\n"
            },
            "src/RobotOne.java" : {
              "name" : "src/RobotOne.java",
              "placeholders" : [ ],
              "is_visible" : true,
              "text" : "public class RobotOne {\n\n    private String name;                        // name of RobotOne\n\n    // lines RobotOne knows\n    private String line = \"You ain't nothin' but a hound dog, cryin' all the time\";\n\n    private RobotTwo friend = null;             // RobotOne's friend\n\n    /**\n     * Constructor for RobotOne, takes the name, default values are already specified above.\n     */\n    public RobotOne(String name) {\n        this.name = name;\n    }\n\n    /**\n     * Give RobotOne a friend.\n     */\n    public void makeNewFriend(RobotTwo robotTwo) {\n        friend = robotTwo;\n    }\n\n    /**\n     * Get RobotOne to say something it knows.\n     */\n    public String speak() {\n        return line;\n    }\n}\n"
            },
            "src/RobotTwo.java" : {
              "name" : "src/RobotTwo.java",
              "placeholders" : [ ],
              "is_visible" : true,
              "text" : "public class RobotTwo {\n\n    private String name;                        // name of RobotTwo\n\n    // lines RobotTwo knows\n    private String line = \"Well, you ain't never caught no rabbit and you ain't no friend of mine\";\n\n    private RobotOne friend = null;             // RobotTwo's friend\n\n    /**\n     * Constructor for RobotTwo, takes the name, default values are already specified above.\n     */\n    public RobotTwo(String name) {\n        this.name = name;\n    }\n\n    /**\n     * Give RobotTwo a friend.\n     */\n    public void makeFriend(RobotOne robotOne) {\n        friend = robotOne;\n    }\n\n    /**\n     * Get RobotTwo to say something it knows.\n     */\n    public String speak() {\n        return line;\n    }\n}\n"
            },
            "src/RobotThree.java" : {
              "name" : "src/RobotThree.java",
              "placeholders" : [ ],
              "is_visible" : true,
              "text" : "public class RobotThree {\n\n    private String name;                        // name of RobotThree\n\n    // lines RobotThree knows\n    private String line = \"Ah thank you, ah thank you very much\";\n\n    private RobotOne friend = null;             // RobotThree's friend\n\n    /**\n     * Constructor for RobotThree, takes the name, default values are already specified above.\n     */\n    public RobotThree(String name) {\n        this.name = name;\n    }\n\n    /**\n     * Give RobotThree a friend.\n     */\n    public void makeFriend(RobotOne robotOne) {\n        friend = robotOne;\n    }\n\n    /**\n     * Get RobotThree to say something it knows.\n     */\n    public String speak() {\n        return line;\n    }\n}\n"
            }
          },
          "description_text" : "<html>\n<head>\n    <style type =\"text/css\">\n       .footer{\n           position: fixed;\n           text-align: left;\n           line-height: 1.5;\n           bottom: 0px;\n           left: 5px;\n           width: 100%;\n       }\n        </style>\n    <style type =\"text/css\">\n       .body {\n           padding-bottom: 50px;\n       }\n    </style>\n</head>\n<body>\n<div class=\"body\">\n    <h1>Lab 2 - More Objects, Constructors, Scope</h1>\n    <p>Authors: <strong>Martin Klamrowski</strong>, <strong>Cristina Ruiz Martin</strong></p>\n    <p>Relevant textbook reading - <strong>Chapters 2, 3</strong> (The Object Oriented Thought Process)</p>\n    <h3>~4.0 Interacting Objects (again)~</h3>\n    <p>\n        In this section, we will put together everything we have learned so far.\n    </p>\n    <p>\n        We now have two robots, RobotOne and RobotTwo!\n        They are largely the same but the code has been duplicated none the less (sounds like a good case for inheritance...\n        a later lab perhaps).\n    </p>\n    <p>\n        These robots just are not complete without each other. So, let's do something about that.\n    </p>\n    <h3>~Task 4.2~</h3>\n    <p>\n        What's better than two? That's right three! A third robot (RobotThree) has joined to complete the trio. Bringing\n        over your completed code from 4.1 will save you some time.\n    </p>\n    <ol>\n        <li>\n            Correct the errors in <code>Main.java</code>, you will need to go into the included class files, not just\n            <code>Main.java</code>. Each robot should have a different friend (1->3, 2->1, 3->2), and each robot should\n            still say their friend's <code>line</code> in the <code>friendSpeak()</code> method.\n        </li>\n        <li>\n            Print out the complete verse at the end.\n        </li>\n    </ol>\n</div>\n\n</body>\n<div class=\"footer\">\n    <p>\n        <strong>Check your answer here.</strong>\n    </p>\n</div>\n</html>",
          "description_format" : "HTML",
          "feedback_link" : {
            "link_type" : "STEPIK"
          },
          "task_type" : "output"
        },
        {
          "name" : "4.3",
          "files" : {
            "src/Main.java" : {
              "name" : "src/Main.java",
              "placeholders" : [ ],
              "is_visible" : true,
              "text" : "public class Main {\n   public static void main(String[] args) {\n\n      String line1 = \"You ain't nothin' but a hound dog, cryin' all the time\";\n      String line2 = \"Well, you ain't never caught no rabbit and you ain't no friend of mine\";\n      String line3 = \"Ah thank you, ah thank you very much\";\n\n      // create Robots here as in 4.2\n\n\n      // print the verse in the right order here\n\n\n   }\n}"
            },
            "test/output.txt" : {
              "name" : "test/output.txt",
              "placeholders" : [ ],
              "is_visible" : false,
              "text" : "You ain't nothin' but a hound dog, cryin' all the time\nWell, you ain't never caught no rabbit and you ain't no friend of mine\nAh thank you, ah thank you very much\n"
            },
            "src/Robot.java" : {
              "name" : "src/Robot.java",
              "placeholders" : [ ],
              "is_visible" : true,
              "text" : "public class Robot {\n\n    private String name;                        // name of Robot\n    private Robot friend = null;                // this Robot's friend\n\n    // lines this Robot knows\n    private String line = \"You ain't nothin' but a hound dog, cryin' all the time\";\n\n\n}\n"
            }
          },
          "description_text" : "<html>\n<head>\n    <style type =\"text/css\">\n       .footer{\n           position: fixed;\n           text-align: left;\n           line-height: 1.5;\n           bottom: 0px;\n           left: 5px;\n           width: 100%;\n       }\n        </style>\n    <style type =\"text/css\">\n       .body {\n           padding-bottom: 50px;\n       }\n    </style>\n</head>\n<body>\n<div class=\"body\">\n    <h1>Lab 2 - More Objects, Constructors, Scope</h1>\n    <p>Authors: <strong>Martin Klamrowski</strong>, <strong>Cristina Ruiz Martin</strong></p>\n    <p>Relevant textbook reading - <strong>Chapters 2, 3</strong> (The Object Oriented Thought Process)</p>\n    <h3>~4.0 Interacting Objects (again)~</h3>\n    <p>\n        In this section, we will put together everything we have learned so far.\n    </p>\n    <p>\n        We now have two robots, RobotOne and RobotTwo!\n        They are largely the same but the code has been duplicated none the less (sounds like a good case for inheritance...\n        a later lab perhaps).\n    </p>\n    <p>\n        These robots just are not complete without each other. So, let's do something about that.\n    </p>\n    <h3>~Task 4.3~</h3>\n    <p>\n        Well that was pretty tedious. So let's simplify things a bit. We are going to combine all three robots into a\n        single Robot class. The Robot class is already started for you. Do not change what is already there, just add\n        what is missing; once again copy-paste is your friend.\n    </p>\n    <p>\n        Some things to note:\n    </p>\n    <ol>\n        <li>\n            In <code>Robot.java</code>, we want all of the constructors from before (there are 3).\n        </li>\n        <li>\n            The underlying behaviour should be the same. I.e. every instance of the Robot class should have a\n            <code>speak()</code>,\n            <code>friendSpeak()</code>, <code>makeFriend()</code> method as before.\n        </li>\n        <li>\n            After you complete the Robot class, make three Robots in <code>Main.java</code> and make them all friends\n            as in 4.2.\n        </li>\n        <li>\n            Finally, print out the complete verse as in 4.2. You can use the supplied lines in <code>Main.java</code>\n            as those are the lines expected as the output for this task. Your code should do exactly the same thing\n            as before.\n        </li>\n    </ol>\n</div>\n\n</body>\n<div class=\"footer\">\n    <p>\n        <strong>Check your answer here.</strong>\n    </p>\n</div>\n</html>",
          "description_format" : "HTML",
          "feedback_link" : {
            "link_type" : "STEPIK"
          },
          "task_type" : "output"
        }
      ],
      "type" : "lesson"
    },
    {
      "title" : "5.0 Lab Problem",
      "task_list" : [
        {
          "name" : "5.1",
          "files" : {
            "src/Main.java" : {
              "name" : "src/Main.java",
              "placeholders" : [ ],
              "is_visible" : true,
              "text" : "public class Main {\n   public static void main(String[] args) {\n\n      // you can use this to test your code\n      String line1 = \"You ain't nothin' but a hound dog, cryin' all the time\";\n      String line2 = \"Well, you ain't never caught no rabbit and you ain't no friend of mine\";\n      String line3 = \"Ah thank you, ah thank you very much\";\n      String line4 = \"Initiate Judgement Day\";\n\n      // this is how RobotBouncer will be used\n      // these errors should disappear eventually\n      RobotBouncer rb = new RobotBouncer(line1, line2, line3);\n\n      Robot r1 = new Robot(\"One\", null, line1);\n      Robot r2 = new Robot(\"Two\", r1, line2);\n      Robot r3 = new Robot(\"Three\", r2, line3);\n      Robot r4 = new Robot(\"skynet\", r3, line4);\n      r1.makeNewFriend(r4);\n\n\n      System.out.println(r1.speak());\n      System.out.println(r1.friendSpeak());\n\n      System.out.println(r2.speak());\n      System.out.println(r2.friendSpeak());\n\n      System.out.println(r3.speak());\n      System.out.println(r3.friendSpeak());\n\n      System.out.println(r4.speak());\n      System.out.println(r4.friendSpeak());\n\n      // fixing robots\n      r1 = rb.fixRobot(r1);\n      r2 = rb.fixRobot(r2);\n      r3 = rb.fixRobot(r3);\n      r4 = rb.fixRobot(r4);\n\n      // should have no bad Robots here\n      System.out.println(\"~~~~~~~~~~~~~~~~~~~~~\");\n      System.out.println(r1.speak());\n      System.out.println(r1.friendSpeak());\n\n      System.out.println(r2.speak());\n      System.out.println(r2.friendSpeak());\n\n      System.out.println(r3.speak());\n      System.out.println(r3.friendSpeak());\n\n      System.out.println(r4.speak());\n      System.out.println(r4.friendSpeak());\n   }\n}"
            },
            "src/Robot.java" : {
              "name" : "src/Robot.java",
              "placeholders" : [ ],
              "is_visible" : true,
              "text" : "// STUDENT NAME //\n// STUDENT NUMBER //\n\n\npublic class Robot {\n\n    private String name;                        // name of Robot\n    private Robot friend = null;                // this Robot's friend\n\n    // lines this Robot knows\n    private String line = \"You ain't nothin' but a hound dog, cryin' all the time\";\n\n\n}\n"
            },
            "src/RobotBouncer.java" : {
              "name" : "src/RobotBouncer.java",
              "placeholders" : [ ],
              "is_visible" : true,
              "text" : "// STUDENT NAME //\n// STUDENT NUMBER //\n\npublic class RobotBouncer {\n}\n"
            }
          },
          "description_text" : "<html>\n<head>\n    <style type =\"text/css\">\n        .footer {\n            position: fixed;\n            text-align: left;\n            bottom: 0px;\n            left: 5px;\n            width: 100%;\n        }\n    </style>\n    <style type =\"text/css\">\n       .body {\n            padding-bottom: 50px;\n       }\n    </style>\n    <style>\n       .preamble {\n            border: 5px rgb(255, 0, 0) dashed;\n            padding: 5px;\n            display: block;\n       }\n    </style>\n</head>\n<body>\n<div class=\"body\">\n    <h1>Lab 2 - More Objects, Constructors, Scope</h1>\n    <p>Authors: <strong>Martin Klamrowski</strong>, <strong>Cristina Ruiz Martin</strong></p>\n    <p>Relevant textbook reading - <strong>Chapters 2, 3</strong> (The Object Oriented Thought Process)</p>\n    <h3>~5.0 Lab Problem~</h3>\n    <div class=\"preamble\">\n        <p>\n            You must submit your solution to this problem on CuLearn.\n            <strong>\n                YOU MUST INCLUDE YOUR FULL NAME AND STUDENT NUMBER IN COMMENTS AT THE\n                HEAD OF EVERY FILE YOU SUBMIT\n            </strong>.\n        </p>\n        <p>\n            Submit <strong><u><i>ONLY</i></u></strong> the files specified at the end of this big red box. The files\n            and code within should be completed according to the specifications made <i>throughout</i> the Lab, and only\n            the final versions should be submitted. I.e., if Task 55.23 tells you to add accessor methods to MyClass,\n            you are required to include that code if MyClass needs to be submitted as part of the solution to the\n            Lab Problem (<strong>unless</strong> a later Task or the Lab Problem state otherwise).\n        </p>\n        <p>\n            If you choose to complete the problem in this environment, the files can be\n            retrieved by right-clicking '5.0 Lab Problem'>Show in Files/Explorer.\n        </p>\n        <p>\n            Submit <strong> Robot.java</strong> and <strong>RobotBouncer.java</strong> when you are done.\n        </p>\n    </div>\n    <h3>~Problem 5.1~</h3>\n    <p>\n        Uh oh, we have an imposter robot masquerading as one of our Robots. We need a bouncer to only allow the Robots\n        on the 'guest list' in. To do this, we will create a RobotBouncer class that will ask every Robot for\n        its <code>line</code> before it is allowed to proceed. The RobotBouncer will fix any Robots saying scary things.\n        The specifications for the RobotBouncer class are as follows:\n    </p>\n    <ol>\n        <li>\n            A RobotBouncer has three attributes: <code>String line1</code>, <code>String line2</code>,\n            <code>String line3</code>. These are the accepted\n            lines, and they should be provided via a single constructor (i.e. RobotBouncer has only one constructor).\n        </li>\n        <li>\n            <p>\n                RobotBouncer has a method called <code>fixRobot()</code>. This method takes a single parameter of type\n                Robot: the Robot being tested, and possibly fixed.\n            </p>\n            <ul>\n                <li>\n                    This method should check if the Robot's <code>line</code> is equal to any\n                    of the accepted lines.\n                </li>\n                <li>\n                    If the Robot being tested has a <code>friend</code> (i.e. the friend != null),\n                    <code>fixRobot()</code> must also check the <code>friend</code> Robot's <code>line</code>.\n                </li>\n                <li>\n                    If the Robot and the <code>friend</code> pass, the method returns the original Robot.\n                </li>\n                <li>\n                    If the Robot passes and its <code>friend</code> fails, the <code>friend</code> should be removed\n                    as a <code>friend</code> from the original Robot by setting the attribute to <code>null</code>.<br>\n                </li>\n                <li>\n                    If the original Robot fails, a new Robot must be made:\n                    <ul>\n                        <li>\n                            Give the new Robot an acceptable <code>line</code> (i.e. either line1/2/3). You can choose\n                            this arbitrarily.\n                        </li>\n                        <li>\n                            The new Robot should have its original <code>name</code> with a \" - fixed\" tagged on.\n                            For example, if the deviant\n                            Robot is named \"skynet\", the new Robot should be named \"skynet - fixed\".\n                        </li>\n                        <li>\n                            The new Robot must still have the original Robot's <code>friend</code>. However,\n                            <code>fixRobot()</code> must check this Robot's <code>line</code>\n                            as well. If the original Robot's <code>friend</code>'s <code>line</code> is not acceptable,\n                            the new Robot's <code>friend</code> attribute should\n                            be set to <code>null</code> as previously stated.\n                        </li>\n                    </ul>\n                </li>\n                <li>\n                    In a nutshell, bad Robots should have all references to them removed. And good Robots should remain\n                    completely unchanged, with the exception of the <code>friend</code> attribute if the\n                    <code>friend</code> is a bad Robot.\n                </li>\n            </ul>\n            <div class=\"hint\">\n                You must check if two Strings are equal using the <code>equals()</code> method.\n                <code>string1.equals(string2) -> true/false</code>.\n            </div>\n            <div class=\"hint\">\n                You will need to define some more accessor methods for Robot in <code>Robot.java</code>.\n            </div>\n        </li>\n    </ol>\n</div>\n</body>\n<!--<div class=\"footer\">-->\n<!--    <strong>You can run your code here.</strong>-->\n<!--</div>-->\n\n</html>",
          "description_format" : "HTML",
          "feedback_link" : {
            "link_type" : "STEPIK"
          },
          "task_type" : "theory"
        }
      ],
      "type" : "lesson"
    }
  ],
  "additional_files" : [
    {
      "name" : "build.gradle",
      "placeholders" : [ ],
      "is_visible" : true,
      "text" : "buildscript {\n    repositories {\n        mavenCentral()\n    }\n}\n\ndef printOutput(def output) {\n    return tasks.create(\"printOutput\") {\n        for (line in output.toString().readLines()) {\n            println \"#educational_plugin\" + line\n        }\n    }\n}\n\nsubprojects {\n    apply plugin: 'application'\n    apply plugin: 'java'\n\n    sourceCompatibility = 1.8\n\n    repositories {\n        mavenCentral()\n    }\n\n    dependencies {\n        testCompile group: 'junit', name: 'junit', version: '4.12'\n    }\n\n    sourceSets {\n        main {\n            java.srcDir 'src'\n        }\n        test {\n            java.srcDir 'test'\n        }\n    }\n\n    mainClassName = project.hasProperty(\"mainClass\") ? project.getProperty(\"mainClass\") : \"\"\n\n    def runOutput = new ByteArrayOutputStream()\n    tasks.run.setStandardOutput(runOutput)\n    tasks.run.doLast { printOutput(runOutput) }\n}\n\nproject(':util') {\n    dependencies {\n        compile group: 'junit', name: 'junit', version: '4.12'\n    }\n}\n\nconfigure(subprojects.findAll {it.name != 'util'}) {\n  dependencies {\n    compile project(':util').sourceSets.main.output\n    testCompile project(':util').sourceSets.test.output\n  }\n}\n"
    }
  ],
  "version" : 11
}