{
  "summary" : "SYSC2004 (WN 2021) - Lab 11",
  "title" : "Lab 11 - Interfaces and Abstract Classes",
  "authors" : [
    "MK"
  ],
  "programming_language" : "JAVA",
  "language" : "en",
  "course_type" : "PyCharm",
  "items" : [
    {
      "title" : "1.0 Pop Quiz",
      "task_list" : [
        {
          "choiceOptions" : [
            {
              "text" : "They are both used to define a contract for an implementing class to follow.",
              "status" : "CORRECT"
            },
            {
              "text" : "They are both ways to define a type that permits multiple implementations.",
              "status" : "CORRECT"
            },
            {
              "text" : "They are conceptually the same, and the only differences are technical (code-level).",
              "status" : "INCORRECT"
            }
          ],
          "isMultipleChoice" : true,
          "name" : "1.1",
          "files" : {
            "src/Main.java" : {
              "name" : "src/Main.java",
              "placeholders" : [ ],
              "is_visible" : true,
              "text" : "public class Main {\n   public static void main(String[] args) {\n      // nothing\n   }\n}"
            }
          },
          "description_text" : "<html>\n<head>\n    <style type =\"text/css\">\n       .footer{\n           position: fixed;\n           text-align: left;\n           line-height: 1.5;\n           bottom: 0px;\n           left: 5px;\n           width: 100%;\n       }\n        </style>\n    <style type =\"text/css\">\n       .body {\n           padding-bottom: 200px;\n       }\n    </style>\n</head>\n<body>\n<div class=\"body\">\n    <h1>Lab 11 - Interfaces and Abstract Classes</h1>\n    <p>Authors: <strong>Martin Klamrowski</strong>, <strong>Cristina Ruiz Martin</strong></p>\n        <p>Relevant textbook reading - <strong>Chapter 8</strong> (The Object Oriented Thought Process)</p>\n    <h3>~1.0 Pop Quiz~</h3>\n    <p>\n        Welcome to Lab 11, the most important lab of the course! This lab looks at the basics of interfaces and\n        abstract classes.\n    </p>\n    <h3>~Task 1.1~</h3>\n    <p>\n        Answer the MC question below.\n    </p>\n\n</div>\n\n</body>\n<div class=\"footer\">\n    <p>\n        <strong>Question:</strong> What are the conceptual <u>similarities</u> between interfaces and abstract classes?\n    </p>\n</div>\n</html>",
          "description_format" : "HTML",
          "feedback_link" : {
            "link_type" : "STEPIK"
          },
          "task_type" : "choice"
        },
        {
          "choiceOptions" : [
            {
              "text" : "Interfaces describe behaviour that an implementing class must contain (a contract). Abstract classes define common behaviour among similar (child) classes.",
              "status" : "CORRECT"
            },
            {
              "text" : "Interfaces are used as a framework for communication between classes. Abstract classes are used to define commonalities among derived classes.",
              "status" : "CORRECT"
            },
            {
              "text" : "Conceptually, they are exactly the same and serve the same purpose.",
              "status" : "INCORRECT"
            }
          ],
          "isMultipleChoice" : true,
          "name" : "1.2",
          "files" : {
            "src/Main.java" : {
              "name" : "src/Main.java",
              "placeholders" : [ ],
              "is_visible" : true,
              "text" : "public class Main {\n   public static void main(String[] args) {\n      // nothing\n   }\n}"
            }
          },
          "description_text" : "<html>\n<head>\n    <style type =\"text/css\">\n       .footer{\n           position: fixed;\n           text-align: left;\n           line-height: 1.5;\n           bottom: 0px;\n           left: 5px;\n           width: 100%;\n       }\n        </style>\n    <style type =\"text/css\">\n       .body {\n           padding-bottom: 200px;\n       }\n    </style>\n</head>\n<body>\n<div class=\"body\">\n    <h1>Lab 11 - Interfaces and Abstract Classes</h1>\n    <p>Authors: <strong>Martin Klamrowski</strong>, <strong>Cristina Ruiz Martin</strong></p>\n    <p>Relevant textbook reading - <strong>Chapter 8</strong> (The Object Oriented Thought Process)</p>\n    <h3>~1.0 Pop Quiz~</h3>\n    <p>\n        Welcome to Lab 11, the most important lab of the course! This lab looks at the basics of interfaces and\n        abstract classes.\n    </p>\n    <h3>~Task 1.2~</h3>\n    <p>\n        Answer the MC question below.\n    </p>\n\n</div>\n\n</body>\n<div class=\"footer\">\n    <p>\n        <strong>Question:</strong> What are some of the conceptual <u>differences</u> between interfaces and abstract\n        classes?\n    </p>\n</div>\n</html>",
          "description_format" : "HTML",
          "feedback_link" : {
            "link_type" : "STEPIK"
          },
          "task_type" : "choice"
        },
        {
          "choiceOptions" : [
            {
              "text" : "Interfaces cannot be instantiated, abstract classes can.",
              "status" : "INCORRECT"
            },
            {
              "text" : "Interfaces can be instantiated, abstract classes cannot.",
              "status" : "INCORRECT"
            },
            {
              "text" : "Interfaces can contain behaviour, abstract classes cannot.",
              "status" : "INCORRECT"
            },
            {
              "text" : "A derived class can implement multiple interfaces, but can only extend one abstract class at a time.",
              "status" : "CORRECT"
            },
            {
              "text" : "Interfaces are behaviour-free (can contain only abstract methods), while abstract classes can contain both concrete and abstract methods.",
              "status" : "CORRECT"
            }
          ],
          "isMultipleChoice" : true,
          "name" : "1.3",
          "files" : {
            "src/Main.java" : {
              "name" : "src/Main.java",
              "placeholders" : [ ],
              "is_visible" : true,
              "text" : "public class Main {\n   public static void main(String[] args) {\n      // nothing\n   }\n}"
            }
          },
          "description_text" : "<html>\n<head>\n    <style type =\"text/css\">\n       .footer{\n           position: fixed;\n           text-align: left;\n           line-height: 1.5;\n           bottom: 0px;\n           left: 5px;\n           width: 100%;\n       }\n        </style>\n    <style type =\"text/css\">\n       .body {\n           padding-bottom: 200px;\n       }\n    </style>\n</head>\n<body>\n<div class=\"body\">\n    <h1>Lab 11 - Interfaces and Abstract Classes</h1>\n    <p>Authors: <strong>Martin Klamrowski</strong>, <strong>Cristina Ruiz Martin</strong></p>\n    <p>Relevant textbook reading - <strong>Chapter 8</strong> (The Object Oriented Thought Process)</p>\n    <h3>~1.0 Pop Quiz~</h3>\n    <p>\n        Welcome to Lab 11, the most important lab of the course! This lab looks at the basics of interfaces and\n        abstract classes.\n    </p>\n    <h3>~Task 1.3~</h3>\n    <p>\n        Answer the MC question below.\n    </p>\n\n</div>\n\n</body>\n<div class=\"footer\">\n    <p>\n        <strong>Question:</strong> What are some technical differences between abstract classes and interfaces in Java?\n    </p>\n</div>\n</html>",
          "description_format" : "HTML",
          "feedback_link" : {
            "link_type" : "STEPIK"
          },
          "task_type" : "choice"
        },
        {
          "choiceOptions" : [
            {
              "text" : "Probably not.",
              "status" : "CORRECT"
            },
            {
              "text" : "Yes, because abstract classes can still be instantiated while interfaces cannot.",
              "status" : "INCORRECT"
            },
            {
              "text" : "Yes, because the multiple inheritance enabled by interfaces should be avoided.",
              "status" : "INCORRECT"
            },
            {
              "text" : "Yes, because abstract classes can extend other abstract classes or interfaces, while an interface cannot extend or implement another interface.",
              "status" : "INCORRECT"
            }
          ],
          "isMultipleChoice" : true,
          "name" : "1.4",
          "files" : {
            "src/Main.java" : {
              "name" : "src/Main.java",
              "placeholders" : [ ],
              "is_visible" : true,
              "text" : "public class Main {\n   public static void main(String[] args) {\n      // :)\n   }\n}"
            }
          },
          "description_text" : "<html>\n<head>\n    <style type =\"text/css\">\n       .footer{\n           position: fixed;\n           text-align: left;\n           line-height: 1.5;\n           bottom: 0px;\n           left: 5px;\n           width: 100%;\n       }\n        </style>\n    <style type =\"text/css\">\n       .body {\n           padding-bottom: 200px;\n       }\n    </style>\n</head>\n<body>\n<div class=\"body\">\n    <h1>Lab 11 - Interfaces and Abstract Classes</h1>\n    <p>Authors: <strong>Martin Klamrowski</strong>, <strong>Cristina Ruiz Martin</strong></p>\n    <p>Relevant textbook reading - <strong>Chapter 8</strong> (The Object Oriented Thought Process)</p>\n    <h3>~1.0 Pop Quiz~</h3>\n    <p>\n        Welcome to Lab 11, the most important lab of the course! This lab looks at the basics of interfaces and\n        abstract classes.\n    </p>\n    <h3>~Task 1.4~</h3>\n    <p>\n        Answer the MC question below.\n    </p>\n\n</div>\n\n</body>\n<div class=\"footer\">\n    <p>\n        <strong>Question:</strong> Given the previous questions/answers, is there any reason to use a purely abstract\n        abstract class?\n    </p>\n</div>\n</html>",
          "description_format" : "HTML",
          "feedback_link" : {
            "link_type" : "STEPIK"
          },
          "task_type" : "choice"
        },
        {
          "name" : "1.5",
          "files" : {
            "src/Main.java" : {
              "name" : "src/Main.java",
              "placeholders" : [ ],
              "is_visible" : true,
              "text" : "public class Main {\n   public static void main(String[] args) {\n      // ...\n   }\n}"
            }
          },
          "description_text" : "<html>\n<head>\n    <style type =\"text/css\">\n       .footer{\n           position: fixed;\n           text-align: left;\n           line-height: 1.5;\n           bottom: 0px;\n           left: 5px;\n           width: 100%;\n       }\n        </style>\n    <style type =\"text/css\">\n       .body {\n           padding-bottom: 200px;\n       }\n    </style>\n</head>\n<body>\n<div class=\"body\">\n    <h1>Lab 11 - Interfaces and Abstract Classes</h1>\n    <p>Authors: <strong>Martin Klamrowski</strong>, <strong>Cristina Ruiz Martin</strong></p>\n    <p>Relevant textbook reading - <strong>Chapter 8</strong> (The Object Oriented Thought Process)</p>\n    <h3>~1.0 Pop Quiz~</h3>\n    <p>\n        Welcome to Lab 11, the most important lab of the course! This lab looks at the basics of interfaces and\n        abstract classes.\n    </p>\n    <h3>~Task 1.5~</h3>\n    <p>\n        So when should you use an interface over an abstract class? Or vice-versa? When you are writing your\n        applications and deciding what types to break your system down into, try to stick to the following guidelines:\n    </p>\n    <ul>\n        <li>\n            If you are attempting to describe something a type is capable of; i.e., objects of this type\n            <u>must be able to</u> \"do this\", use an interface. In other words, if objects of this type must fulfill a\n            <strong>role</strong>, implement that role as an <code>interface</code>.\n            <br>\n            Ex:\n            <ul>\n                <li>\n                    If you go down the ArrayList, LinkedList, HashSet (etc.) rabbit-hole, you will find they are all\n                    derived from the Iterable interface. This makes sense because generally we want our data structures\n                    to be traversable in some way, and we do not want to have to figure out how to do that for every\n                    type of collection we use. So we unify this functionality under a single interface called Iterable!\n                </li>\n                <li>\n                    In Section 3.0, Virus implements a Diagnosable interface. Why? Well, this makes sense in theory\n                    because a Virus is a condition that has symptoms and stages, and so we can diagnose it. As such, we\n                    would like to define a contract (a framework) for working with Diagnosable types in our application.\n                </li>\n                <li>\n                    In Section 4.0, you will be modifying the Post class from an earlier lab. You will be turning this\n                    class into an interface that will define a contract for any type that wants to be \"Postable\". This\n                    also fits with our goal of using interfaces to define roles.\n                </li>\n            </ul>\n        </li>\n        <br>\n        <li>\n            If you are attempting to model an idea of what objects of a type should roughly look like, implement that\n            as an <code>abstract class</code>. I.e., use an abstract class if the relationships between this abstract\n            type and derived classes are more of a \"typical inheritance\" relationship -- an <strong>is-a</strong>\n            relationship.\n            <br>\n            Ex:\n            <ul>\n                <li>\n                    In Section 2.0, you will see an abstract class called Shape. When we define an abstract class, we\n                    are saying that all \"Shapes\" have these attributes and functions in common. But there is no such\n                    thing as a Shape, a Shape is an abstract concept. And so, a Shape cannot be created, but it can be\n                    extended.\n                </li>\n            </ul>\n        </li>\n    </ul>\n\n</div>\n\n</body>\n<!--<div class=\"footer\">-->\n<!--    <p>-->\n<!--        <strong>Question:</strong> Given the previous questions/answers, is there any reason to use a purely abstract-->\n<!--        abstract class?-->\n<!--    </p>-->\n<!--</div>-->\n</html>",
          "description_format" : "HTML",
          "feedback_link" : {
            "link_type" : "STEPIK"
          },
          "task_type" : "theory"
        }
      ],
      "type" : "lesson"
    },
    {
      "title" : "2.0 Abstract Classes",
      "task_list" : [
        {
          "name" : "2.1",
          "files" : {
            "src/Main.java" : {
              "name" : "src/Main.java",
              "placeholders" : [ ],
              "is_visible" : true,
              "text" : "import java.util.ArrayList;\nimport java.util.Arrays;\nimport java.util.List;\n\npublic class Main {\n   public static void main(String[] args) {\n      List<Shape> shapes = new ArrayList<>(\n              Arrays.asList(new Circle(0.3),\n                      new Square(5.0),\n                      new Rectangle(5.0, 2.0)\n              )\n      );\n\n      for (Shape s : shapes) {\n         System.out.println(s.area());\n      }\n   }\n}"
            },
            "test/output.txt" : {
              "name" : "test/output.txt",
              "placeholders" : [ ],
              "is_visible" : false,
              "text" : "0.2827433388230814\n25.0\n10.0\n"
            },
            "src/Shape.java" : {
              "name" : "src/Shape.java",
              "placeholders" : [ ],
              "is_visible" : true,
              "text" : "public abstract class Shape {\n    public abstract double area();\n}"
            },
            "src/Circle.java" : {
              "name" : "src/Circle.java",
              "placeholders" : [ ],
              "is_visible" : true,
              "text" : "public class Circle extends Shape {\n    private final double radius;\n\n    public Circle(double radius) {\n        this.radius = radius;\n    }\n\n    public double area() {\n        return Math.PI * (radius * radius);\n    }\n}"
            },
            "src/Rectangle.java" : {
              "name" : "src/Rectangle.java",
              "placeholders" : [ ],
              "is_visible" : true,
              "text" : "public class Rectangle extends Shape {\n    private final double length;\n    private final double width;\n\n    Rectangle(double length, double width) {\n        this.length = length;\n        this.width = width;\n    }\n\n    public double area() {\n        return length * width;\n    }\n}"
            },
            "src/Square.java" : {
              "name" : "src/Square.java",
              "placeholders" : [
                {
                  "offset" : 28,
                  "length" : 10,
                  "possible_answer" : "Rectangle",
                  "placeholder_text" : "/* TODO */"
                },
                {
                  "offset" : 45,
                  "length" : 10,
                  "possible_answer" : "public Square(double side) {\n        super(side, side);\n    }",
                  "placeholder_text" : "/* TODO */"
                }
              ],
              "is_visible" : true,
              "text" : "public class Square extends /* TODO */ {\n    /* TODO */\n}\n"
            }
          },
          "description_text" : "<html>\n<head>\n    <style type =\"text/css\">\n       .footer{\n           position: fixed;\n           text-align: left;\n           line-height: 1.5;\n           bottom: 0px;\n           left: 5px;\n           width: 100%;\n       }\n        </style>\n    <style type =\"text/css\">\n       .body {\n           padding-bottom: 200px;\n       }\n    </style>\n</head>\n<body>\n<div class=\"body\">\n    <h1>Lab 11 - Interfaces and Abstract Classes</h1>\n    <p>Authors: <strong>Martin Klamrowski</strong>, <strong>Cristina Ruiz Martin</strong></p>\n    <p>Relevant textbook reading - <strong>Chapter 8</strong> (The Object Oriented Thought Process)</p>\n    <h3>~2.0 Abstract Classes~</h3>\n    <p>\n        This section provides an introduction to abstract classes. Different from interfaces, abstract classes are used\n        to define commonalities between similar classes. An abstract class represents \"an idea\" of what objects of this\n        type should look like.\n    </p>\n    <h3>~Task 2.1~</h3>\n    <p>\n        Refer to the provided classes for an example usage of an abstract class. Modify <code>Square.java</code> as\n        required to produce the desired output in <code>Main.java</code>.\n    </p>\n\n</div>\n\n</body>\n<!--<div class=\"footer\">-->\n<!--    <p>-->\n<!--        <strong>Question:</strong> Given the previous questions/answers, is there any reason to use a purely abstract-->\n<!--        abstract class?-->\n<!--    </p>-->\n<!--</div>-->\n</html>",
          "description_format" : "HTML",
          "feedback_link" : {
            "link_type" : "STEPIK"
          },
          "task_type" : "output"
        }
      ],
      "type" : "lesson"
    },
    {
      "title" : "3.0 Interfaces",
      "task_list" : [
        {
          "name" : "3.1",
          "files" : {
            "src/Main.java" : {
              "name" : "src/Main.java",
              "placeholders" : [ ],
              "is_visible" : true,
              "text" : "public class Main {\n   public static void main(String[] args) {\n      // ... you can test here\n   }\n}"
            },
            "src/Virus.java" : {
              "name" : "src/Virus.java",
              "placeholders" : [ ],
              "is_visible" : true,
              "text" : "public abstract class Virus implements Diagnosable {\n    private final double r0;\n\n    public Virus(double r0) {\n        this.r0 = r0;\n    }\n\n    public double getR0() {\n        return this.r0;\n    }\n\n    public abstract void evolve();\n}\n"
            },
            "src/Diagnosable.java" : {
              "name" : "src/Diagnosable.java",
              "placeholders" : [ ],
              "is_visible" : true,
              "text" : "public interface Diagnosable {\n    String[] getSymptoms();\n\n    void addSymptoms(String[] array);\n\n    void removeSymptoms(String[] array);\n\n    boolean isSymptomatic(String[] array);\n\n    int getStage(String[] array);\n}\n"
            },
            "src/CoronaVirus.java" : {
              "name" : "src/CoronaVirus.java",
              "placeholders" : [
                {
                  "offset" : 297,
                  "length" : 10,
                  "possible_answer" : "public void evolve() {\n        return; // your particular implementation :)\n    }\n\n    public String[] getSymptoms() {\n        return null; // your particular implementation :)\n    }\n\n    public void addSymptoms(String[] array) {\n        return; // your particular implementation :)\n    }\n\n    public void removeSymptoms(String[] array) {\n        return; // your particular implementation :)\n    }\n\n    public boolean isSymptomatic(String[] array) {\n        return false; // your particular implementation :)\n    }\n\n    public int getStage(String[] array) {\n        return 0; // your particular implementation :)\n    }",
                  "placeholder_text" : "/* TODO */"
                }
              ],
              "is_visible" : true,
              "text" : "import java.util.Arrays;\nimport java.util.HashSet;\n\npublic class CoronaVirus extends Virus {\n\n    private final HashSet<String> symptoms = new HashSet<>();\n\n    public CoronaVirus(double r0, String[] symptoms) {\n        super(r0);\n        this.symptoms.addAll(Arrays.asList(symptoms));\n    }\n\n    /* TODO */\n}\n"
            }
          },
          "description_text" : "<html>\n<head>\n    <style type =\"text/css\">\n       .footer{\n           position: fixed;\n           text-align: left;\n           line-height: 1.5;\n           bottom: 0px;\n           left: 5px;\n           width: 100%;\n       }\n        </style>\n    <style type =\"text/css\">\n       .body {\n           padding-bottom: 200px;\n       }\n    </style>\n</head>\n<body>\n<div class=\"body\">\n    <h1>Lab 11 - Interfaces and Abstract Classes</h1>\n    <p>Authors: <strong>Martin Klamrowski</strong>, <strong>Cristina Ruiz Martin</strong></p>\n    <p>Relevant textbook reading - <strong>Chapter 8</strong> (The Object Oriented Thought Process)</p>\n    <h3>~3.0 Interfaces~</h3>\n    <p>\n        This section provides a brief introduction to interfaces. There is <u>a lot</u> to know when it comes to\n        specific details on interfaces in Java. Therefore, this lab (and course) gives a high-level view -- a conceptual\n        view of interfaces in object-oriented programming.\n    </p>\n    <h3>~Task 3.1~</h3>\n    <p>\n        An interface defines a contract for an implementing class to follow. When a class implements an interface, it\n        is saying \"I promise to do (implement) what this interface has declared derived classes should do\". In this way\n        we can enforce rules, and establish \"frameworks\" for inter-class communication.\n    </p>\n    <p>\n        The code in this task is made up of a few files. Namely, the <code>Diagnosable</code> interface,\n        <code>Virus</code>, abstract class, and a concrete class <code>CoronaVirus</code>. Complete\n        <code>CoronaVirus.java</code> to get rid of the errors.\n    </p>\n</div>\n\n</body>\n<!--<div class=\"footer\">-->\n<!--    <p>-->\n<!--        <strong>Question:</strong> Given the previous questions/answers, is there any reason to use a purely abstract-->\n<!--        abstract class?-->\n<!--    </p>-->\n<!--</div>-->\n</html>",
          "description_format" : "HTML",
          "feedback_link" : {
            "link_type" : "STEPIK"
          },
          "task_type" : "theory"
        }
      ],
      "type" : "lesson"
    },
    {
      "title" : "4.0 Lab Problem",
      "task_list" : [
        {
          "name" : "4.1",
          "files" : {
            "src/Main.java" : {
              "name" : "src/Main.java",
              "placeholders" : [ ],
              "is_visible" : true,
              "text" : "public class Main {\n   public static void main(String[] args) {\n      MessagePost mp = new MessagePost(\"Chris Mascarolls\", \"Deck the halls.\");\n\n      for (int i = 0; i < 32; i++) {\n         mp.react(0);\n      }\n      for (int i = 0; i < 13; i++) {\n         mp.react(1);\n      }\n      mp.react(2);\n\n      mp.addComment(new Comment(\"Wanda Nauwittol\", \"What are your plans?!\"));\n      mp.addComment(new Comment(\"Jude Alkingtomie\", \"Yay!\"));\n      mp.addComment(new Comment(\"Grinch Grinch\", \"Nope!\"));\n\n      VideoPost vp = new VideoPost(\"Grinch Grinch\", \"This bumps! https://www.youtube.com/watch?v=GAs67cRfmQI&ab_channel=Tyler%2CTheCreator-Topic\", true);\n      for (int i = 0; i < 13; i++) {\n         vp.react(1);\n      }\n      vp.react(0);\n\n      PollPost pp = new PollPost(\"Wanda Nauwittol\", \"What's everyone doing for Christmas Break!?\");\n      pp.react(\"Eat!\");\n      pp.react(\"Eat!\");\n      pp.react(\"Eat\");\n      pp.react(\"Celebrate\");\n      pp.react(\"Not study!\");\n      pp.react(\"Not study!\");\n      pp.react(\"Not study!\");\n      pp.react(\"Celebrate\");\n\n      for (int i = 0; i < 5; i++) {\n         pp.react(0);\n      }\n      for (int i = 0; i < 3; i++) {\n         pp.react(1);\n      }\n      pp.react(2);\n\n      pp.addComment(new Comment(\"Jude Alkingtomie\", \"Yes.\"));\n      pp.addComment(new Comment(\"Grinch Grinch\", \"Nothing... >:)\"));\n\n      PostWall pw = new PostWall();\n      pw.addPost(mp);\n      pw.addPost(vp);\n      pw.addPost(pp);\n      pw.generate();\n   }\n}\n"
            },
            "src/VideoPost.java" : {
              "name" : "src/VideoPost.java",
              "placeholders" : [ ],
              "is_visible" : true,
              "text" : "public class VideoPost extends Post {\n\n    private final boolean viewerDiscretion;\n\n    public VideoPost(String author, String content, boolean viewerDiscretion) {\n        super(author, content);\n        this.viewerDiscretion = viewerDiscretion;\n    }\n\n    @Override\n    public void display() {\n        if (viewerDiscretion) {\n            System.out.println(\"-VIEWER DISCRETION ADVISED-\");\n        }\n        super.display();\n    }\n}\n"
            },
            "src/Comment.java" : {
              "name" : "src/Comment.java",
              "placeholders" : [ ],
              "is_visible" : true,
              "text" : "import java.util.Calendar;\n\npublic class Comment {\n\n    private final String author;\n    private final String content;\n    private final String time = Calendar.getInstance().getTime().toString();\n\n    public Comment(String author, String content) {\n        this.author = author;\n        this.content = content;\n    }\n\n    public String getDisplay() {\n        return \"'\" + content + \"' - \" + author + \" (\" + time + \")\";\n    }\n}\n"
            },
            "src/Post.java" : {
              "name" : "src/Post.java",
              "placeholders" : [ ],
              "is_visible" : true,
              "text" : "import java.util.ArrayList;\nimport java.util.Calendar;\nimport java.util.List;\n\npublic class Post {\n\n    private final String author;\n    private final String content;\n    private final List<Comment> comments = new ArrayList<>();\n    private final int[] reactions = new int[4];\n    private final String time = Calendar.getInstance().getTime().toString();\n\n    public Post(String author, String content) {\n        this.author = author;\n        this.content = content;\n    }\n\n    public void react(int r) {\n        reactions[r]++;\n    }\n\n    public void addComment(Comment cp) {\n        comments.add(cp);\n    }\n\n    public void display() {\n        StringBuilder sb = new StringBuilder();\n        for (Comment c : comments) {\n            sb.append(\"-> \")\n                    .append(c.getDisplay())\n                    .append(\"\\n\");\n        }\n\n        String s = String.format(\n                \"%s on (%s):\\n\" +\n                \"'%s'\\n\" +\n                \"\\uD83D\\uDE00(%d) \\uD83D\\uDE43(%d) \\uD83D\\uDE12(%d) \\uD83D\\uDE2F(%d)\\n\" +\n                \"Comments:\\n\" +\n                \"%s\",\n                author, time, content, reactions[0], reactions[1], reactions[2], reactions[3], sb.toString()\n        );\n        System.out.println(s);\n    }\n\n    public void display(String customContent) {\n        StringBuilder sb = new StringBuilder();\n        for (Comment c : comments) {\n            sb.append(\"-> \")\n                    .append(c.getDisplay())\n                    .append(\"\\n\");\n        }\n\n        String s = String.format(\n                \"%s on (%s):\\n\" +\n                \"'%s'\\n\" +\n                \"%s\" +\n                \"\\uD83D\\uDE00(%d) \\uD83D\\uDE43(%d) \\uD83D\\uDE12(%d) \\uD83D\\uDE2F(%d)\\n\" +\n                \"Comments:\\n\" +\n                \"%s\",\n                author, time, content, customContent,\n                reactions[0], reactions[1], reactions[2], reactions[3], sb.toString()\n        );\n        System.out.println(s);\n    }\n\n    public String getContent() {\n        return content;\n    }\n\n    public String getAuthor() {\n        return author;\n    }\n\n    public String getTime() {\n        return time;\n    }\n\n}\n"
            },
            "src/PollPost.java" : {
              "name" : "src/PollPost.java",
              "placeholders" : [ ],
              "is_visible" : true,
              "text" : "import java.util.ArrayList;\nimport java.util.List;\n\npublic class PollPost extends Post {\n\n    private final List<StringIntPair> pollAnswers = new ArrayList<>();\n\n    public PollPost(String author, String content) {\n        super(author, content);\n    }\n\n    @Override\n    public void display() {\n        StringBuilder sb = new StringBuilder();\n        for (StringIntPair pair : pollAnswers) {\n            sb.append(pair.s).append(\" (\").append(pair.i).append(\")\\n\");\n        }\n        super.display(sb.toString());\n    }\n\n    public void react(String s) {\n        for (int i = 0; i < pollAnswers.size(); i++) {\n            StringIntPair pair = pollAnswers.get(i);\n            if (s.equals(pair.s)) {\n                pollAnswers.set(i, new StringIntPair(s, pair.i + 1));\n                return;\n            }\n        }\n        pollAnswers.add(new StringIntPair(s, 1));\n    }\n}\n"
            },
            "src/StringIntPair.java" : {
              "name" : "src/StringIntPair.java",
              "placeholders" : [ ],
              "is_visible" : true,
              "text" : "public class StringIntPair {\n    public final String s;\n    public final int i;\n\n    public StringIntPair(String s, int i) {\n        this.s = s;\n        this.i = i;\n    }\n}\n"
            },
            "src/PostWall.java" : {
              "name" : "src/PostWall.java",
              "placeholders" : [ ],
              "is_visible" : true,
              "text" : "import java.util.ArrayList;\nimport java.util.List;\n\npublic class PostWall {\n    private final List<Post> wall = new ArrayList<>();\n\n\n    public void generate() {\n        StringBuilder sb = new StringBuilder();\n        for (Post p : wall) {\n            p.display();\n            System.out.println(\"--------------------------------------------------\");\n        }\n    }\n\n    public void addPost(Post p) {\n        wall.add(p);\n    }\n}\n"
            },
            "src/MessagePost.java" : {
              "name" : "src/MessagePost.java",
              "placeholders" : [ ],
              "is_visible" : true,
              "text" : "public class MessagePost extends Post {\n\n    public MessagePost(String author, String content) {\n        super(author, content);\n    }\n}\n"
            }
          },
          "description_text" : "<html>\n<head>\n    <style type =\"text/css\">\n       .footer{\n           position: fixed;\n           text-align: left;\n           bottom: 0px;\n           left: 5px;\n           width: 100%;\n       }\n    </style>\n    <style type =\"text/css\">\n       .body {\n           padding-bottom: 50px;\n       }\n    </style>\n    <style>\n       .preamble {\n            border: 5px rgb(255, 0, 0) dashed;\n            padding: 5px;\n            display: block;\n       }\n    </style>\n</head>\n<body>\n<div class=\"body\">\n    <h1>Lab 11 - Interfaces and Abstract Classes</h1>\n    <p>Authors: <strong>Martin Klamrowski</strong>, <strong>Cristina Ruiz Martin</strong></p>\n    <p>Relevant textbook reading - <strong>Chapter 8</strong> (The Object Oriented Thought Process)</p>\n    <h3>~4.0 Lab Problem~</h3>\n    <div class=\"preamble\">\n        <p>\n            You must submit your solution to this problem on CuLearn.\n            <strong>\n                YOU MUST INCLUDE YOUR FULL NAME AND STUDENT NUMBER IN COMMENTS AT THE\n                HEAD OF EVERY FILE YOU SUBMIT\n            </strong>.\n        </p>\n        <p>\n            Submit <strong><u><i>ONLY</i></u></strong> the files specified at the end of this big red box. The files\n            and code within should be completed according to the specifications made <i>throughout</i> the Lab, and only\n            the final versions should be submitted. I.e., if Task 55.23 tells you to add accessor methods to MyClass,\n            you are required to include that code if MyClass needs to be submitted as part of the solution to the\n            Lab Problem (<strong>unless</strong> a later Task or the Lab Problem state otherwise).\n        </p>\n        <p>\n            Do not include redundant methods. Do not include methods that are not asked for or necessary. Some Lab\n            Problems will not explicitly state you need accessor methods, but these methods may be necessary.\n        </p>\n        <p>\n            Now that you have learned how to document code, you need to document your classes for full marks!\n            <strong>This is applicable from Lab 4 until the end of the course.</strong>\n        </p>\n        <p>\n            If you choose to complete the problem in this environment, the files can be\n            retrieved by right-clicking '4.0 Lab Problem'>Show in Files/Explorer.\n        </p>\n        <p>\n            Submit <strong>Post.java</strong>, <strong>PostWall.java</strong>, <strong>VideoPost.java</strong>,\n            <strong>PollPost.java</strong>, <strong>MessagePost.java</strong> when you are done.\n        </p>\n        <p>\n            <i>\n                Note: You are not required to submit some of the files included. Assume this means that you are not\n                to modify these files. I.e. a TA will run your code with those files in the state they were given to\n                you.\n            </i>\n        </p>\n    </div>\n    <h3>~Problem 4.1~</h3>\n    <p>\n        Convert <code>Post</code> into an interface! The code must work exactly the same. Modify any other files\n        as appropriate. The other types of Posts will obviously have to implement this new interface.\n    </p>\n    <p>\n        <i>\n            Note: You are also being marked on the decisions you make when refactoring\n        </i> <code>Post.java</code>.\n        <i>\n            So think carefully about which methods to include in each class/interface.\n        </i>\n    </p>\n</div>\n</body>\n<!--<div class=\"footer\">-->\n<!--    &lt;!&ndash;<strong>You can run your code here.</strong>&ndash;&gt;-->\n<!--</div>-->\n\n</html>",
          "description_format" : "HTML",
          "feedback_link" : {
            "link_type" : "STEPIK"
          },
          "task_type" : "theory"
        }
      ],
      "type" : "lesson"
    }
  ],
  "additional_files" : [
    {
      "name" : "build.gradle",
      "placeholders" : [ ],
      "is_visible" : true,
      "text" : "buildscript {\n    repositories {\n        mavenCentral()\n    }\n}\n\ndef printOutput(def output) {\n    return tasks.create(\"printOutput\") {\n        println \"#educational_plugin_checker_version 1\"\n        def separator = System.lineSeparator()\n        def lines = output.toString().split(\"(?<=${separator})|(?=${separator})\")\n        for (line in lines) {\n            println \"#educational_plugin\" + line\n        }\n    }\n}\n\nsubprojects {\n    apply plugin: 'application'\n    apply plugin: 'java'\n\n    sourceCompatibility = 1.8\n\n    repositories {\n        mavenCentral()\n    }\n\n    dependencies {\n        testCompile group: 'junit', name: 'junit', version: '4.12'\n    }\n\n    sourceSets {\n        main {\n            java.srcDir 'src'\n        }\n        test {\n            java.srcDir 'test'\n        }\n    }\n\n    mainClassName = project.hasProperty(\"mainClass\") ? project.getProperty(\"mainClass\") : \"\"\n\n    if (project.hasProperty(\"educationalRun\") && \"true\".equalsIgnoreCase(project.getProperty(\"educationalRun\"))) {\n        def runOutput = new ByteArrayOutputStream()\n        tasks.run.setStandardOutput(runOutput)\n        tasks.run.doLast { printOutput(runOutput) }\n    }\n}\n\nproject(':util') {\n    dependencies {\n        compile group: 'junit', name: 'junit', version: '4.12'\n    }\n}\n\nconfigure(subprojects.findAll { it.name != 'util' }) {\n    dependencies {\n        compile project(':util').sourceSets.main.output\n        testCompile project(':util').sourceSets.test.output\n    }\n}\n"
    }
  ],
  "version" : 11
}