{
  "summary" : "SYSC2004 (WN2021) - Lab 8",
  "title" : "Lab 8 - Exceptions, Unit Tests",
  "authors" : [
    "MK"
  ],
  "programming_language" : "JAVA",
  "language" : "en",
  "course_type" : "PyCharm",
  "items" : [
    {
      "title" : "1.0 Exceptions",
      "task_list" : [
        {
          "name" : "1.1",
          "files" : {
            "src/Main.java" : {
              "name" : "src/Main.java",
              "placeholders" : [ ],
              "is_visible" : true,
              "text" : "import java.util.ArrayList;\nimport java.util.Arrays;\nimport java.util.ListIterator;\nimport java.util.List;\n\npublic class Main {\n\n   public static void method(List<String> strings) {\n      for (ListIterator<String> it = strings.listIterator(); it.hasNext();) {\n         if (it.next().equals(\"bad\")) {\n            it.set(\"good\");\n         }\n      }\n   }\n\n   public static void main(String[] args) {\n      List<String> strings = new ArrayList<>(Arrays.asList(\"i\", \"am\", \"bad\", \"code\"));\n\n      method(strings);\n   }\n}"
            }
          },
          "description_text" : "<html>\n<head>\n    <style type =\"text/css\">\n       .footer{\n           position: fixed;\n           text-align: left;\n           line-height: 1.5;\n           bottom: 0px;\n           left: 5px;\n           width: 100%;\n       }\n        </style>\n    <style type =\"text/css\">\n       .body {\n           padding-bottom: 200px;\n       }\n    </style>\n</head>\n<body>\n<div class=\"body\">\n    <h1>Lab 8 - Exceptions, Unit Tests</h1>\n    <p>Authors: <strong>Martin Klamrowski</strong>, <strong>Cristina Ruiz Martin</strong></p>\n    <p>\n        Relevant textbook reading - <strong>Chapter 3</strong> (The Object Oriented Thought Process),\n        <strong>Appendix D</strong> (Think Java 2e).\n    </p>\n    <h3>~1.0 Exceptions~</h3>\n    <p>\n        Knowing how to handle exceptions is exceptionally important to writing robust and stable applications. Large\n        systems are often riddled with areas where the state, control flow, or the results of an operation are\n        uncertain. It is important to anticipate these problem areas and handle them accordingly. This section details\n        some fundamentals on Exceptions in Java, and how to handle them.\n    </p>\n    <h3>~Task 1.1~</h3>\n    <p>\n        At the risk of sounding redundant, everything in Java is a class, this includes Exceptions.\n        <code>Exception</code> is a class from which all other exceptions are derived. It is worth mentioning that\n        in Java, there is a difference between <code>Exception</code> and <code>Error</code>. <code>Exception</code>\n        and <code>Error</code> are the two subclasses of <code>Throwable</code>. Basically, <code>Exception</code>\n        is a not-so-serious problem with the code, and <code>Error</code> is a very-serious problem with the code. We\n        can use and handle the former, but the latter should not be handled, and should be fixed outright.\n    </p>\n    <p>\n        See if you can make the code in <code>Main.java</code> throw three different types of exceptions (not errors).\n    </p>\n    <div class=\"hint\">\n        In IntelliJ, you can check what kind of exceptions a method might throw by hovering over it with your mouse, or\n        putting your cursor on it and pressing Ctrl + Q.\n    </div>\n    <div class=\"hint\">\n        If you call <code>it.set()</code> before <code>it.next()</code> the code will throw an\n        <code>IllegalStateException</code>.\n    </div>\n    <div class=\"hint\">\n        You can create a <code>NullPointerException</code> by passing <code>null</code> to the method.\n    </div>\n    <div class=\"hint\">\n        If you remove the parameterization of the List argument and ListIterator you will get a\n        <code>ClassCastException</code> if you attempt to cast <code>it.next()</code> to a <code>Double</code>.\n    </div>\n</div>\n\n</body>\n<!--<div class=\"footer\">-->\n<!--    <p>-->\n<!--        <strong>Question:</strong> After the <code>.java</code> files are compiled into <code>.class</code> files-->\n<!--        (bytecode), what is the next step?-->\n<!--    </p>-->\n<!--</div>-->\n\n</html>",
          "description_format" : "HTML",
          "feedback_link" : {
            "link_type" : "STEPIK"
          },
          "task_type" : "theory"
        },
        {
          "choiceOptions" : [
            {
              "text" : "Code inside the <code>finally</code> construct will be executed if no exceptions are thrown in <code>try</code>.",
              "status" : "INCORRECT"
            },
            {
              "text" : "Code inside the <code>finally</code> construct will always be executed if the try-catch block is reached.",
              "status" : "CORRECT"
            },
            {
              "text" : "It is a way for programmers to vent frustration - \"Finally! I got rid of all the exceptions.\"",
              "status" : "INCORRECT"
            },
            {
              "text" : "If a <code>finally</code> construct is specified, it means we want the program to gracefully exit if any exceptions are thrown in <code>try</code>.",
              "status" : "INCORRECT"
            }
          ],
          "isMultipleChoice" : false,
          "name" : "1.2",
          "files" : {
            "src/Main.java" : {
              "name" : "src/Main.java",
              "placeholders" : [ ],
              "is_visible" : true,
              "text" : "public class Main {\n   public static void main(String[] args) {\n\n      // a try-catch-finally block\n      int i = 0;\n      int diver = 0;\n\n      try {\n         i = i/diver;\n      } catch (ArithmeticException ae) {\n         System.err.println(\"div by zero\");\n      } finally {\n         i = i + 1;\n      }\n   }\n}"
            }
          },
          "description_text" : "<html>\n<head>\n    <style type =\"text/css\">\n       .footer{\n           position: fixed;\n           text-align: left;\n           line-height: 1.5;\n           bottom: 0px;\n           left: 5px;\n           width: 100%;\n       }\n        </style>\n    <style type =\"text/css\">\n       .body {\n           padding-bottom: 200px;\n       }\n    </style>\n</head>\n<body>\n<div class=\"body\">\n    <h1>Lab 8 - Exceptions, Unit Tests</h1>\n    <p>Authors: <strong>Martin Klamrowski</strong>, <strong>Cristina Ruiz Martin</strong></p>\n    <p>\n        Relevant textbook reading - <strong>Chapter 3</strong> (The Object Oriented Thought Process),\n        <strong>Appendix D</strong> (Think Java 2e).\n    </p>\n    <h3>~1.0 Exceptions~</h3>\n    <p>\n        Knowing how to handle exceptions is exceptionally important to writing robust and stable applications. Large\n        systems are often riddled with areas where the state, control flow, or the results of an operation are\n        uncertain. It is important to anticipate these problem areas and handle them accordingly. This section details\n        some fundamentals on Exceptions in Java, and how to handle them.\n    </p>\n    <h3>~Task 1.2~</h3>\n    <p>\n        That is a lot of exceptions. Exceptions are not the end of the world, so long as they are handled and do not\n        crash your program.\n    </p>\n    <p>\n        Exceptions are usually handled using try-catch-finally blocks. An example of one is presented in\n        <code>Main.java</code>.\n    </p>\n    <ul>\n        <li>\n            <code>try</code>: This is where exception-prone code is placed.\n        </li>\n        <li>\n            <code>catch</code>: This construct \"catches\" any exceptions thrown inside the <code>try</code> construct.\n        </li>\n        <li>\n            <code>finally</code>: An optional construct.\n        </li>\n    </ul>\n    <p>\n        Answer the MC question below.\n    </p>\n</div>\n\n</body>\n<div class=\"footer\">\n    <p>\n        <strong>Question:</strong> What is the purpose of the <code>finally</code> construct?\n    </p>\n</div>\n\n</html>",
          "description_format" : "HTML",
          "feedback_link" : {
            "link_type" : "STEPIK"
          },
          "task_type" : "choice"
        },
        {
          "choiceOptions" : [
            {
              "text" : "ae, e, finally",
              "status" : "INCORRECT"
            },
            {
              "text" : "ae, npe, e, finally",
              "status" : "INCORRECT"
            },
            {
              "text" : "e, finally",
              "status" : "INCORRECT"
            },
            {
              "text" : "ae, finally",
              "status" : "CORRECT"
            }
          ],
          "isMultipleChoice" : false,
          "name" : "1.3",
          "files" : {
            "src/Main.java" : {
              "name" : "src/Main.java",
              "placeholders" : [ ],
              "is_visible" : true,
              "text" : "public class Main {\n   public static void main(String[] args) {\n\n      // a try-catch-finally block\n      int i = 0;\n      int diver = 0;\n\n      try {\n         i = i / diver;\n      } catch (ArithmeticException ae) {\n         System.err.println(\"ae\");\n\n         try {\n            i = i / (diver - 1);\n         } catch (Exception e) {\n            System.err.println(\"e\");\n         }\n\n      } catch (NullPointerException npe) {\n         System.err.println(\"npe\");\n      } catch (Exception e) {\n         System.err.println(\"e\");\n      } finally {\n         System.out.println(\"finally\");\n         i = i + 1;\n      }\n   }\n}"
            }
          },
          "description_text" : "<html>\n<head>\n    <style type =\"text/css\">\n       .footer{\n           position: fixed;\n           text-align: left;\n           line-height: 1.5;\n           bottom: 0px;\n           left: 5px;\n           width: 100%;\n       }\n        </style>\n    <style type =\"text/css\">\n       .body {\n           padding-bottom: 200px;\n       }\n    </style>\n</head>\n<body>\n<div class=\"body\">\n    <h1>Lab 8 - Exceptions, Unit Tests</h1>\n    <p>Authors: <strong>Martin Klamrowski</strong>, <strong>Cristina Ruiz Martin</strong></p>\n    <p>\n        Relevant textbook reading - <strong>Chapter 3</strong> (The Object Oriented Thought Process),\n        <strong>Appendix D</strong> (Think Java 2e).\n    </p>\n    <h3>~1.0 Exceptions~</h3>\n    <p>\n        Knowing how to handle exceptions is exceptionally important to writing robust and stable applications. Large\n        systems are often riddled with areas where the state, control flow, or the results of an operation are\n        uncertain. It is important to anticipate these problem areas and handle them accordingly. This section details\n        some fundamentals on Exceptions in Java, and how to handle them.\n    </p>\n    <h3>~Task 1.3~</h3>\n    <p>\n        We can specify multiple <code>catch</code> constructs for a single try-catch block, and even nest try-catch\n        blocks inside other try-catch blocks.\n    </p>\n    <p>\n        Answer the MC question below.\n    </p>\n</div>\n\n</body>\n<div class=\"footer\">\n    <p>\n        <strong>Question:</strong> What will the code in <code>Main.java</code> output?\n    </p>\n</div>\n\n</html>",
          "description_format" : "HTML",
          "feedback_link" : {
            "link_type" : "STEPIK"
          },
          "task_type" : "choice"
        },
        {
          "choiceOptions" : [
            {
              "text" : "You cannot write try-catch blocks inside methods.",
              "status" : "INCORRECT"
            },
            {
              "text" : "Using <code>throws</code> makes your code look more professional.",
              "status" : "INCORRECT"
            },
            {
              "text" : "The alternative is handling the exception within the method. If you have many methods that throw these exceptions, you would have to write a try-catch block in each method.",
              "status" : "CORRECT"
            },
            {
              "text" : "Using <code>throws</code>, all exceptions are automatically caught in the method and ignored, resulting in exception-free code!",
              "status" : "INCORRECT"
            }
          ],
          "isMultipleChoice" : false,
          "name" : "1.4",
          "files" : {
            "src/Main.java" : {
              "name" : "src/Main.java",
              "placeholders" : [ ],
              "is_visible" : true,
              "text" : "public class Main {\n\n   public static void thrower() throws Exception {\n      throw new Exception(\"Oh no!\");\n   }\n\n   public static void main(String[] args) {\n      thrower();\n   }\n}"
            }
          },
          "description_text" : "<html>\n<head>\n    <style type =\"text/css\">\n       .footer{\n           position: fixed;\n           text-align: left;\n           line-height: 1.5;\n           bottom: 0px;\n           left: 5px;\n           width: 100%;\n       }\n        </style>\n    <style type =\"text/css\">\n       .body {\n           padding-bottom: 200px;\n       }\n    </style>\n</head>\n<body>\n<div class=\"body\">\n    <h1>Lab 8 - Exceptions, Unit Tests</h1>\n    <p>Authors: <strong>Martin Klamrowski</strong>, <strong>Cristina Ruiz Martin</strong></p>\n    <p>\n        Relevant textbook reading - <strong>Chapter 3</strong> (The Object Oriented Thought Process),\n        <strong>Appendix D</strong> (Think Java 2e).\n    </p>\n    <h3>~1.0 Exceptions~</h3>\n    <p>\n        Knowing how to handle exceptions is exceptionally important for writing robust and stable applications. Large\n        systems are often riddled with areas where the state, control flow, or the results of an operation are\n        uncertain. It is important to anticipate these problem areas and handle them accordingly. This section details\n        some fundamentals on Exceptions in Java, and how to handle them.\n    </p>\n    <h3>~Task 1.4~</h3>\n    <p>\n        This task will introduce two important new keywords in Java: <code>throw</code> and <code>throws</code>.\n    </p>\n    <p>\n        Sometimes we want to \"throw\" an exception on our own. This is often a custom exception that we have implemented.\n        To do this, the <code>throw</code> keyword is used as demonstrated in <code>Main.java</code>.\n    </p>\n    <p>\n        <code>throws</code> serves a slightly different purpose. The <code>throws</code> keyword is used to denote a\n        method that may throw the specified exception. Specifying exceptions with <code>throws</code> tells the compiler\n        that this method must be handled. Meaning, you will not be able to call this method unless you handle the\n        associated exception.\n    </p>\n    <p>\n        Answer the MC question below.\n    </p>\n</div>\n\n</body>\n<div class=\"footer\">\n    <p>\n        <strong>Question:</strong> What is the benefit of using <code>throws</code>?\n    </p>\n</div>\n\n</html>",
          "description_format" : "HTML",
          "feedback_link" : {
            "link_type" : "STEPIK"
          },
          "task_type" : "choice"
        },
        {
          "name" : "1.5",
          "files" : {
            "src/Main.java" : {
              "name" : "src/Main.java",
              "placeholders" : [
                {
                  "offset" : 181,
                  "length" : 10,
                  "possible_answer" : "try {\n         customThrower();\n      } catch (MyCustomException mce) {\n         System.err.println(mce);\n      }",
                  "placeholder_text" : "/* TODO */"
                }
              ],
              "is_visible" : true,
              "text" : "public class Main {\n\n   // this is the method to modify\n   public static void customThrower() {\n   }\n\n   public static void main(String[] args) {\n      // run some tests here\n      /* TODO */\n   }\n}\n"
            },
            "src/MyCustomException.java" : {
              "name" : "src/MyCustomException.java",
              "placeholders" : [
                {
                  "offset" : 55,
                  "length" : 10,
                  "possible_answer" : "public MyCustomException(String message) {\n        super(message);\n    }",
                  "placeholder_text" : "/* TODO */"
                }
              ],
              "is_visible" : true,
              "text" : "public class MyCustomException extends Exception {\n    /* TODO */\n}\n"
            }
          },
          "description_text" : "<html>\n<head>\n    <style type =\"text/css\">\n       .footer{\n           position: fixed;\n           text-align: left;\n           line-height: 1.5;\n           bottom: 0px;\n           left: 5px;\n           width: 100%;\n       }\n        </style>\n    <style type =\"text/css\">\n       .body {\n           padding-bottom: 200px;\n       }\n    </style>\n</head>\n<body>\n<div class=\"body\">\n    <h1>Lab 8 - Exceptions, Unit Tests</h1>\n    <p>Authors: <strong>Martin Klamrowski</strong>, <strong>Cristina Ruiz Martin</strong></p>\n    <p>\n        Relevant textbook reading - <strong>Chapter 3</strong> (The Object Oriented Thought Process),\n        <strong>Appendix D</strong> (Think Java 2e).\n    </p>\n    <h3>~1.0 Exceptions~</h3>\n    <p>\n        Knowing how to handle exceptions is exceptionally important for writing robust and stable applications. Large\n        systems are often riddled with areas where the state, control flow, or the results of an operation are\n        uncertain. It is important to anticipate these problem areas and handle them accordingly. This section details\n        some fundamentals on Exceptions in Java, and how to handle them.\n    </p>\n    <h3>~Task 1.5~</h3>\n    <p>\n        It is also possible to create custom exceptions. To do this, you should extend one of <code>Exception</code>\n        or <code>RuntimeException</code> (more on this difference in Task 1.6).\n    </p>\n    <p>\n        Complete the <code>MyCustomException</code> class that is started for you. Then, change the\n        <code>customThrower</code> method in <code>Main.java</code> so that it throws a <code>MyCustomException</code>.\n        Make a try-catch block to handle it and print out the message in <code>main()</code>.\n    </p>\n    <p>\n        <a href=\"https://docs.oracle.com/javase/7/docs/api/java/lang/Exception.html\">Oracle Docs: Exception</a>\n    </p>\n    <div class=\"hint\">A very basic exception only requires a constructor that takes a String message.</div>\n</div>\n\n</body>\n<!--<div class=\"footer\">-->\n<!--    <p>-->\n<!--        <strong>Question:</strong> What is the benefit of using <code>throws</code>?-->\n<!--    </p>-->\n<!--</div>-->\n\n</html>",
          "description_format" : "HTML",
          "feedback_link" : {
            "link_type" : "STEPIK"
          },
          "task_type" : "theory"
        },
        {
          "choiceOptions" : [
            {
              "text" : "ArithmeticException",
              "status" : "CORRECT"
            },
            {
              "text" : "MyCustomException",
              "status" : "INCORRECT"
            },
            {
              "text" : "IndexOutOfBoundsException",
              "status" : "CORRECT"
            },
            {
              "text" : "TimeoutException",
              "status" : "INCORRECT"
            },
            {
              "text" : "NullPointerException",
              "status" : "CORRECT"
            },
            {
              "text" : "IOException",
              "status" : "INCORRECT"
            }
          ],
          "isMultipleChoice" : true,
          "name" : "1.6",
          "files" : {
            "src/Main.java" : {
              "name" : "src/Main.java",
              "placeholders" : [ ],
              "is_visible" : true,
              "text" : "public class Main {\n   public static void main(String[] args) {\n      // Write your solution here\n   }\n}"
            }
          },
          "description_text" : "<html>\n<head>\n    <style type =\"text/css\">\n       .footer{\n           position: fixed;\n           text-align: left;\n           line-height: 1.5;\n           bottom: 0px;\n           left: 5px;\n           width: 100%;\n       }\n        </style>\n    <style type =\"text/css\">\n       .body {\n           padding-bottom: 200px;\n       }\n    </style>\n</head>\n<body>\n<div class=\"body\">\n    <h1>Lab 8 - Exceptions, Unit Tests</h1>\n    <p>Authors: <strong>Martin Klamrowski</strong>, <strong>Cristina Ruiz Martin</strong></p>\n    <p>\n        Relevant textbook reading - <strong>Chapter 3</strong> (The Object Oriented Thought Process),\n        <strong>Appendix D</strong> (Think Java 2e).\n    </p>\n    <h3>~1.0 Exceptions~</h3>\n    <p>\n        Knowing how to handle exceptions is exceptionally important for writing robust and stable applications. Large\n        systems are often riddled with areas where the state, control flow, or the results of an operation are\n        uncertain. It is important to anticipate these problem areas and handle them accordingly. This section details\n        some fundamentals on Exceptions in Java, and how to handle them.\n    </p>\n    <h3>~Task 1.6~</h3>\n    <p>\n        Exception-free code is always desirable, but the manner in which this is achieved is important. This is to say\n        that surrounding your entire application in one big \"catchall\" block is not good practice. In fact, generally\n        try-catch blocks should be avoided where possible. Excessive use of try-catch blocks for all exceptions makes\n        for unnecessary code, and can even significantly affect the performance.\n    </p>\n    <p>\n        In Java, the <code>Exception</code> class can be divided into two categories of exceptions:\n    </p>\n    <p>\n        <strong>Checked Exceptions:</strong> These are often called compile-time exceptions because you will not be\n        able to compile unless they are handled! This was demonstrated in Task 1.4 with the <code>thrower()</code>\n        method. Another example of this type of exception is the <code>IOException</code>.\n    </p>\n    <p>\n        <strong>Unchecked Exceptions:</strong> This category of exceptions are not \"checked\" for at compile-time.\n        Therefore, they can be considered run-time exceptions. In fact, they form the hierarchy of exception classes\n        under the <code>RuntimeException</code> class -\n        <a href=\"https://docs.oracle.com/javase/7/docs/api/java/lang/RuntimeException.html\">Oracle Docs: RuntimeException</a>\n        . Examples of these types of exceptions are the <code>IndexOutOfBoundsException</code> and\n        <code>NullPointerException</code>.\n    </p>\n    <p>\n        In general, unchecked exceptions should be fixed programmatically. For example, if your method is accessing\n        an index outside your List, this should not be handled with a try-catch block, it should be fixed by changing\n        the logic or adding some checks. Similarly, a <code>NullPointerException</code> can usually be avoided with a\n        single <code>if</code> statement. More on this here:\n        <a href=\"https://docs.oracle.com/javase/tutorial/essential/exceptions/runtime.html\">Oracle Tuts: Unchecked Exceptions</a>\n        .\n    </p>\n    <p>\n        Answer the MC question below.\n    </p>\n</div>\n\n</body>\n<div class=\"footer\">\n    <p>\n        <strong>Question:</strong> What are some examples of exceptions that should be fixed \"programmatically\"?\n    </p>\n</div>\n\n</html>",
          "description_format" : "HTML",
          "feedback_link" : {
            "link_type" : "STEPIK"
          },
          "task_type" : "choice"
        }
      ],
      "type" : "lesson"
    },
    {
      "title" : "2.0 JUnit",
      "task_list" : [
        {
          "choiceOptions" : [
            {
              "text" : "Fail",
              "status" : "INCORRECT"
            },
            {
              "text" : "Pass",
              "status" : "CORRECT"
            },
            {
              "text" : "Neither",
              "status" : "INCORRECT"
            },
            {
              "text" : "In Between",
              "status" : "INCORRECT"
            }
          ],
          "isMultipleChoice" : false,
          "name" : "2.1",
          "files" : {
            "src/Main.java" : {
              "name" : "src/Main.java",
              "placeholders" : [ ],
              "is_visible" : true,
              "text" : "public class Main {\n   public static void main(String[] args) {\n      // Write your solution here\n   }\n}"
            },
            "src/test/MyTests.java" : {
              "name" : "src/test/MyTests.java",
              "placeholders" : [ ],
              "is_visible" : true,
              "text" : "package test;\n\nimport org.junit.*;\n\npublic class MyTests {\n    @Before\n    public void init() {\n        // test fixture; executed before each test\n        // creation of required objects, program state, etc.\n    }\n\n    @Test\n    public void testThis() {\n        // a test\n    }\n\n    @Test\n    public void testThat() {\n        // another test\n    }\n\n    @After\n    public void tearDown() {\n        // executed after each test\n    }\n}\n"
            }
          },
          "description_text" : "<html>\n<head>\n    <style type =\"text/css\">\n       .footer{\n           position: fixed;\n           text-align: left;\n           line-height: 1.5;\n           bottom: 0px;\n           left: 5px;\n           width: 100%;\n       }\n        </style>\n    <style type =\"text/css\">\n       .body {\n           padding-bottom: 200px;\n       }\n    </style>\n</head>\n<body>\n<div class=\"body\">\n    <h1>Lab 8 - Exceptions, Unit Tests</h1>\n    <p>Authors: <strong>Martin Klamrowski</strong>, <strong>Cristina Ruiz Martin</strong></p>\n    <p>\n        Relevant textbook reading - <strong>Chapter 3</strong> (The Object Oriented Thought Process),\n        <strong>Appendix D</strong> (Think Java 2e).\n    </p>\n    <h3>~2.0 JUnit~</h3>\n    <p>\n        JUnit is a widely used unit testing framework for Java. Using JUnit is a good first step in\n        testing your software. This section will provide an introduction to creating JUnit test classes in Java.\n    </p>\n    <h3>~Task 2.1~</h3>\n    <p>\n        JUnit tests can be used to test methods in a class. An example JUnit test class can be found in\n        <code>MyTests.java</code>. You can find details here:\n        <a href=\"https://junit.org/junit5/docs/current/user-guide/#writing-tests\">JUnit Docs</a>. Everything you would\n        ever need to know about JUnit can be found in the JUnit Docs. Note: there are some differences between JUnit 4\n        and JUnit 5, but for our purposes it is mostly the same (the <code>@Before</code> annotation differs from the\n        JUnit 5 annotations).\n    </p>\n    <p>\n        Tests should be located in a separate package, usually called <code>test</code>.\n        The general format you should follow for JUnit test classes in this course is shown in\n        <code>MyTests.java</code>:\n    </p>\n    <ul>\n        <li>\n            If you are testing non-static methods, you will likely need to instantiate some objects. This setup is\n            called the test fixture, and can be done using the <code>@Before</code> annotation.\n        </li>\n        <li>\n            <code>@Test</code> denotes a particular test. Each \"@Test\" should test a specific case or function. For\n            example, if you want to test that a <code>removeDuplicates()</code> method does what it is supposed to,\n            you would create a test called <code>testRemoveDuplicates()</code> to test all your test cases. You might\n            even be more specific, creating a test method for special cases like\n            <code>testRemoveDuplicatesAllElementsIdentical()</code>.\n        </li>\n        <li>\n            The success or failure of a test is done using assert statements. There are many types of assert statements\n            such as <code>assertEquals()</code>, <code>assertThrows()</code>, etc. They can all be found here:\n            <a href=\"https://junit.org/junit5/docs/current/user-guide/#writing-tests\">JUnit Docs</a>.\n        </li>\n        <li>\n            Finally, if you want to perform some clean up after each test you can use <code>@After</code>.\n        </li>\n    </ul>\n    <p>\n        Answer the MC question below.\n    </p>\n</div>\n\n</body>\n<div class=\"footer\">\n    <p>\n        <strong>Question:</strong> What will <code>assertTrue(\"hello\" == \"hello\")</code> evaluate to?\n    </p>\n</div>\n\n</html>",
          "description_format" : "HTML",
          "feedback_link" : {
            "link_type" : "STEPIK"
          },
          "task_type" : "choice"
        }
      ],
      "type" : "lesson"
    },
    {
      "title" : "3.0 Lab Problem",
      "task_list" : [
        {
          "name" : "3.1",
          "files" : {
            "src/Main.java" : {
              "name" : "src/Main.java",
              "placeholders" : [ ],
              "is_visible" : true,
              "text" : "public class Main {\n   public static void main(String[] args) {\n      // ...\n   }\n}"
            },
            "src/mymath/Poly.java" : {
              "name" : "src/mymath/Poly.java",
              "placeholders" : [ ],
              "is_visible" : true,
              "text" : "package mymath;\n\npublic class Poly {\n\n    private final double[] coeffs;\n    private final int order;\n\n    public Poly(double[] coeffs) {\n        this.coeffs = coeffs.clone();\n        order = coeffs.length - 1;\n    }\n\n    public double evaluate(double x) {\n\n        double result = 0;\n\n        for (int i = 0; i <= order; i++) {\n            result += coeffs[i] * Math.pow(x, order - i);\n        }\n\n        return result;\n    }\n\n    public void printPoly() {\n\n        StringBuilder sb = new StringBuilder();\n\n        for (int i = 0; i < order; i++) {\n            if (coeffs[i] != 0) {\n                if (sb.length() > 0 && coeffs[i] > 0) {\n                    sb.append(\" + \").append(Math.abs(coeffs[i])).append(\"x^\").append(order - i);\n                } else if (sb.length() > 0 && coeffs[i] < 0) {\n                    sb.append(\" - \").append(Math.abs(coeffs[i])).append(\"x^\").append(order - i);\n                } else {\n                    sb.append(coeffs[i]).append(\"x^\").append(order - i);\n                }\n            }\n        }\n\n        if (coeffs[order] != 0) {\n            if (coeffs[order] < 0 && sb.length() > 0) {\n                sb.append(\" - \").append(Math.abs(coeffs[order]));\n            } else if (coeffs[order] > 0 && sb.length() > 0) {\n                sb.append(\" + \").append(Math.abs(coeffs[order]));\n            }\n            else {\n                sb.append(coeffs[order]);\n            }\n        }\n        System.out.println(sb.toString());\n    }\n\n    public double[] getCoeffs() {\n        return coeffs;\n    }\n}"
            },
            "src/mymath/PolyCalc.java" : {
              "name" : "src/mymath/PolyCalc.java",
              "placeholders" : [ ],
              "is_visible" : true,
              "text" : "package mymath;\n\npublic final class PolyCalc {\n    public static Poly differentiate(Poly p) {\n\n        double[] coeffs = p.getCoeffs();\n        double[] newCoeffs = new double[coeffs.length];\n\n        for (int i = 0; i < coeffs.length - 1; i++) {\n            newCoeffs[i + 1] = (coeffs.length - 1 - i) * coeffs[i];\n        }\n\n        return new Poly(newCoeffs);\n    }\n\n    public static Poly integrate(Poly p) {\n        double[] coeffs = p.getCoeffs();\n        double[] newCoeffs = new double[coeffs.length + 1];\n\n        for (int i = 0; i < coeffs.length; i++) {\n            newCoeffs[i] = coeffs[i] / (coeffs.length - i);\n        }\n\n        return new Poly(newCoeffs);\n    }\n}"
            },
            "src/test/PolyTest.java" : {
              "name" : "src/test/PolyTest.java",
              "placeholders" : [ ],
              "is_visible" : true,
              "text" : "package test;\n\npublic class PolyTest {\n}\n"
            },
            "src/test/PolyCalcTest.java" : {
              "name" : "src/test/PolyCalcTest.java",
              "placeholders" : [ ],
              "is_visible" : true,
              "text" : "package test;\n\npublic class PolyCalcTest {\n}\n"
            }
          },
          "description_text" : "<html>\n<head>\n    <style type =\"text/css\">\n       .footer{\n           position: fixed;\n           text-align: left;\n           bottom: 0px;\n           left: 5px;\n           width: 100%;\n       }\n    </style>\n    <style type =\"text/css\">\n       .body {\n           padding-bottom: 50px;\n       }\n    </style>\n</head>\n<body>\n<div class=\"body\">\n    <h1>Lab 8 - Exceptions, Unit Tests</h1>\n    <p>Authors: <strong>Martin Klamrowski</strong>, <strong>Cristina Ruiz Martin</strong></p>\n    <p>\n        Relevant textbook reading - <strong>Chapter 3</strong> (The Object Oriented Thought Process),\n        <strong>Appendix D</strong> (Think Java 2e).\n    </p>\n    <h3>~3.0 Lab Problem~</h3>\n    <p>\n        You must submit your solution to this problem on CuLearn.\n        <strong>\n            YOU MUST INCLUDE YOUR FULL NAME AND STUDENT NUMBER IN COMMENTS AT THE\n            HEAD OF EVERY FILE YOU SUBMIT\n        </strong>.\n    </p>\n    <p>\n        If you choose to complete the problem in this environment, the files can be\n        retrieved by right-clicking '3.0 Lab Problem'>Show in Files/Explorer.\n    </p>\n    <p>\n        Now that you have learned how to document code, you need to document your classes for full marks!\n        <strong>This is applicable from Lab 4 until the end of the course.</strong>\n    </p>\n    <h3>~Problem 3.1~</h3>\n    <p>\n        Submit <strong>PolyTest.java</strong>, <strong>PolyCalcTest.java</strong>\n        when you are done.\n    </p>\n    <p>\n        In this problem, you will be revisiting Lab 4 where you created the <code>Poly</code> and <code>PolyCalc</code>\n        classes. Completed versions are included for you.\n    </p>\n    <p>\n        Your task is to complete the test classes. Proper naming conventions and use of\n        annotations are required. You must create tests for each required method (you do not need to test\n        <code>Poly.printPoly()</code>) in <code>Poly</code> and\n        <code>PolyCalc</code> according to the format described in Task 2.1. It may be better to complete this problem\n        outside of EduTools.\n    </p>\n    <p>\n        You do not need to cover every possible case with each method. Provide a reasonable number of cases and any\n        special cases you can think of. Maybe you will find an error in the code!\n    </p>\n</div>\n</body>\n<!--<div class=\"footer\">-->\n<!--    &lt;!&ndash;<strong>You can run your code here.</strong>&ndash;&gt;-->\n<!--</div>-->\n\n</html>",
          "description_format" : "HTML",
          "feedback_link" : {
            "link_type" : "STEPIK"
          },
          "task_type" : "theory"
        }
      ],
      "type" : "lesson"
    }
  ],
  "additional_files" : [
    {
      "name" : "build.gradle",
      "placeholders" : [ ],
      "is_visible" : true,
      "text" : "buildscript {\n    repositories {\n        mavenCentral()\n    }\n}\n\ndef printOutput(def output) {\n    return tasks.create(\"printOutput\") {\n        for (line in output.toString().readLines()) {\n            println \"#educational_plugin\" + line\n        }\n    }\n}\n\nsubprojects {\n    apply plugin: 'application'\n    apply plugin: 'java'\n\n    sourceCompatibility = 1.8\n\n    repositories {\n        mavenCentral()\n    }\n\n    dependencies {\n        testCompile group: 'junit', name: 'junit', version: '4.12'\n    }\n\n    sourceSets {\n        main {\n            java.srcDir 'src'\n        }\n        test {\n            java.srcDir 'test'\n        }\n    }\n\n    mainClassName = project.hasProperty(\"mainClass\") ? project.getProperty(\"mainClass\") : \"\"\n\n    def runOutput = new ByteArrayOutputStream()\n    tasks.run.setStandardOutput(runOutput)\n    tasks.run.doLast { printOutput(runOutput) }\n}\n\nproject(':util') {\n    dependencies {\n        compile group: 'junit', name: 'junit', version: '4.12'\n    }\n}\n\nconfigure(subprojects.findAll {it.name != 'util'}) {\n  dependencies {\n    compile project(':util').sourceSets.main.output\n    testCompile project(':util').sourceSets.test.output\n  }\n}\n"
    }
  ],
  "version" : 11
}